document_id,ch_name,ch_abstract,keywords,technical_cluster_id,technical_secondary_id,technical_evidence_score,technical_margin,technical_evidence,technical_semantic_score,technical_semantic_margin,technical_confidence,technical_semantic_top,application_cluster_id,application_secondary_id,application_evidence_score,application_margin,application_evidence,application_semantic_score,application_semantic_margin,application_confidence,application_semantic_top,abstract_missing,title_missing,keywords_missing,gold_quality,technical_gold_quality,application_gold_quality
ZH_0016,接入换流站的新能源交流汇集系统低电压穿越方法,当接入换流站的新能源交流汇集系统发生故障时，线路双端电力电子装置交互影响可能导致设备低电压穿越失败。为解决上述问题，针对线路两端为不同类型电力电子装置的汇集系统，在考虑不同线路控制环节耦合及其输出功率叠加特性的基础上，对系统故障特性进行了分析，剖析了换流站的过流机理，进而提出基于分段降压控制的低电压穿越方法；通过对换流站故障后的输出电流进行分区划分，利用区间阈值构成判据，实现降压幅度的动态自适应选取，同时整定了以交流电流为特征的低穿边界条件，最终解决了低穿期间换流站过流闭锁的问题。在PSCAD中搭建了接入换流站的新能源交流汇集系统的精细化模型，仿真验证了所提控制方法的有效性。,"['分段降压', 'VF控制', '汇集系统', '低电压穿越']",T49,T14,7.5,0.682697120747981,标题:低电压穿越；关键词:低电压穿越；摘要:低电压穿越,0.3644338704513526,0.4192651481998639,0.98,T49,A32,A38,4.5,-0.3357054032593853,标题:换流站；摘要:换流站,0.1197235261417922,-0.340752880424182,0.6699999999999999,A38,False,False,False,medium,high,medium
ZH_0017,计及拓扑相似性的含分散式风电配网双层优化重构方法,高比例风电接入背景下，配网优化重构是缓解弃风、失负荷问题的一种有效手段。多对象优化重构作为非凸非线性优化问题，同时含大量离散变量求解难度较大，为此建立了基于拓扑相似性的含高比例分散式风电配网双层交互式优化重构模型。模型设计了支路复介数相似度评价指标，来衡量所有辐射状拓扑的相似度，再将相似网络进行聚类，形成了重构层的树状解空间。重构层以分段/联络开关状态为决策变量优化网络拓扑结构，并传输至调度层；调度层以分散式风电出力、储能运行状态、无功补偿装置功率及需求响应量为决策变量，进行配电网有功无功协同优化调度，以确定各对象最优运行状态并反馈到重构层，两层不断交互迭代得出最终策略。为适应该模型提出了一种剪枝和声搜索算法，其中和声库从树枝切换到枝内的过程，提高了重构层网络重构的求解效率。采用IEEE 33节点系统仿真测试，验证了所提方法在提升系统电压安全性、降低系统运行成本方面的优越性。,"['配电网', '分散式风电', '拓扑相似性', '双层优化重构', '二阶锥规划']",T37,T35,5.0,0.767286468378084,摘要:优化调度；关键词:二阶锥规划；摘要:网络重构,0.4587795390635762,0.3377604884148852,0.8977777777777778,T37,A31,A34,4.0,-0.3101975925868121,关键词:配电网；摘要:配电网,0.1607133871546819,0.1843029100941992,0.7022222222222223,A31,False,False,False,medium,high,medium
ZH_0021,突发散热故障时的光伏MPPT变换器控制方法研究,"作为光伏发电系统的重要组成，MPPT变换器能够实现光伏电池最大功率点跟踪(maximumpowerpoint tracing, MPPT)控制。但在环境通风不畅和冷却装置失效等突发性散热故障情况下，变换器极易发生过热停机保护，导致光伏电池无法输出功率，严重影响光伏发电的可靠性与经济性。为此，以一个300 W级MPPT变换器为对象，对其功率器件温升特性进行了试验分析。随后，结合传统MPPT算法和主动热管理策略，提出了一种突发散热故障时的光伏MPPT变换器控制方法。通过对器件驱动信号占空比的动态限制和开关频率的分级调节，所提方法能够主动调整器件工作损耗，进而充分挖掘变换器输出功率。相关实验表明，所提方法可最大程度保留变换器散热故障时的光伏出力，并减少散热故障修复前的光伏发电经济损失。根据实验结果，构建了所提方法性能评价指标，并分析了方法性能的影响因素。","['光伏发电', '最大功率点跟踪控制', '功率器件', '结温估计', '主动热管理']",T49,T35,4.0,0.7086728287441534,关键词:主动热管理；摘要:主动热管理,0.0630097426742179,-0.0809083661131898,0.7822222222222223,T35,A38,A34,4.5,-0.2746461019988604,标题:MPPT；摘要:MPPT,0.2698120195796992,0.095384985722425,0.73,A38,False,False,False,medium,high,medium
ZH_0053,大规模车网互动需求响应策略及潜力评估综述,大量电动汽车的接入为电网带来了新的挑战与机遇，电动汽车作为具有负荷与储能双重属性的特殊灵活性资源，车网互动过程中需要实施调度方案及需求响应策略对其进行引导。针对现有问题，全面综述了相关研究。首先，为综述电动汽车有序充放电模型，基于用户出行习惯探讨了电动汽车聚类方法，并得出了考虑特征变量聚类可有效提高聚类模型精确度的结论。其次，梳理了现有的需求响应策略，通过权衡协调各类需求响应策略，能有效激发用户调度潜力。然后，基于策略研究，从数据与机理两类评估角度总结了如何提高需求响应评估精度。最后对未来研究做出展望：未来电网侧可聚焦峰谷时段细化研究、聚合商侧可针对不同用户聚类建立更适宜的调度策略、未来仍需探寻多市场主体有效商业模式等。,"['电动汽车', '车网互动', '用户出行习惯', '需求响应策略', '潜力评估']",T06,T12,4.5,0.5910497749090745,标题:综述；摘要:综述,0.2275006220870633,0.2217841064933896,0.8699999999999999,T06,A35,A36,5.0,-0.2072015926897121,摘要:储能；关键词:电动汽车；摘要:电动汽车,0.5883036167931454,0.2342743379306274,0.7577777777777779,A35,False,False,False,medium,high,medium
ZH_0060,适应新型电力系统发展的多元灵活资源优化调度建模和分析,我国新能源快速发展，新能源大发时消纳难和新能源少发时电力保障供应难的矛盾突出，对新型电力系统灵活性提出更高要求。在传统的以水火电为主的优化调度模型基础上，基于我国能源结构与灵活性资源特性，构建了计及灵活性改造后煤电机组调节特性、特高压直流输电能力与煤电开机方式耦合关系、电制氢新型资源调节特性的多元灵活资源多目标优化调度模型。以某省级电网实际数据验证了模型的有效性与可行性，验证结果表明，建立的模型有利于发掘利用源网荷储输等各类资源调节能力，提升系统整体灵活调节能力，支撑新能源消纳和电力保障供应，助力我国新型电力系统的构建。,"['新型电力系统', '多元灵活资源', '优化调度', '灵活调节能力']",T37,T40,8.5,0.7527592467607749,标题:优化调度；关键词:优化调度；摘要:优化调度；摘要:多目标优化,0.3851496618532584,0.2339946197198205,0.98,T37,A32,A13,2.0,0.7261965270274827,摘要:高压直流；摘要:特高压,0.1413424156092625,0.0442609073391625,0.731111111111111,A32,False,False,False,medium,high,medium
ZH_0063,基于虚拟电池模型的外逼近闵可夫斯基热泵负荷调节可行域聚合方法,"温控负荷(temperaturecontrolloads,TCLs)灵活性可行域的有效量化和聚合是其响应电价与调控信号的前提。由于TCLs能量在时间上耦合，且设备调节特性和物理参数各异，具有较高异质性，现有聚合方法面临计算复杂度高、适配性差等问题。该文基于极端场景法建立了通用虚拟电池(virtual battery,VB)模型，即通过一套标准电池参数描述资源灵活性，其通用形式使得聚合可行域可以按一定规则线性求和获得。在此基础上，提出一种基于虚拟电池模型的外逼近闵可夫斯基聚合方法，并从数学上不失一般性地对不同异质性设备聚合的有效性进行了证明与推广。最后，提出了考虑系统灵活性供需平衡的负荷聚合商日前优化调度模型。算例结果表明，所提温控负荷可行域聚合方法在提高了外逼近精度的同时保证了较高的计算效率。相比传统模型，所提聚合模型有着更好的优化性能。","['温控负荷', '需求侧灵活性', '虚拟电池模型', '外逼近闵可夫斯基求和', '可行域聚合']",T37,T12,1.0,-0.6180987150698559,摘要:优化调度,0.0793355074919724,0.0421520352153145,0.4755555555555555,T08,A27,A15,2.0,0.7089318187397737,摘要:物理；摘要:数学,0.0464268899584742,-0.0790584375730444,0.6711111111111111,A15,False,False,False,needs_review,needs_review,medium
ZH_0070,考虑配电网灵活性不足风险的分布鲁棒低碳优化调度,双碳目标下高占比可再生能源接入配电网，其不确定性导致配电网灵活性需求剧增。为提高配电网灵活运行能力，减少碳排放，提出考虑配电网灵活性不足风险的分布鲁棒低碳优化调度方法。首先，考虑智能储能软开关作为网络灵活性资源，以减少线路阻塞并提高节点灵活性资源网络互济水平。引入功率传输分布因子表征灵活性供需在线路上的传输情况，提出资源灵活性裕度指标和线路容量裕度指标，评估配电网灵活性。其次，基于条件风险价值理论，推导出当资源-线路裕度不足时给配电网造成的灵活性不足风险。然后，考虑风光出力的不确定性与相关性，运用Frank-Copula函数生成风光出力场景，采用改进的KL散度构造概率分布模糊集。以综合运行成本最低为目标，建立分布鲁棒优化调度模型，采用列与约束生成算法求解。最后，通过算例验证表明，智能储能软开关的加入减少了线路阻塞的情况，所提方法能够减少配电网碳排放和灵活性不足风险。,"['智能储能软开关', '灵活性资源', '条件风险价值', 'Frank-Copula函数', '分布鲁棒优化']",T39,T37,15.5,0.5593553310484695,关键词:鲁棒优化；摘要:鲁棒优化；标题:分布鲁棒；关键词:分布鲁棒；摘要:分布鲁棒；关键词:条件风险价值；摘要:条件风险价值,0.598519411838525,0.3456256365213261,0.98,T39,A31,A35,4.5,0.0849228549907693,标题:配电网；摘要:配电网,0.04778619139989,0.0351632499340665,0.7634151404898463,A34,False,False,False,medium,high,medium
ZH_0071,基于牛顿-蚁群算法与选择性谐波调制的电网功率放大器宽频控制策略,选择性谐波消除/生成脉宽调制技术能与多电平电力电子变换器相结合，实现低开关频率下的高频电网谐波功率复现。然而，为生成特定次谐波，需要求解非线性开关角方程，其求解精度受开关角初值选取约束，且实时性随着谐波次数的增加而降低。因此提出一种基于牛顿-蚁群算法的实时选择性谐波生成脉宽调制技术。通过建立开关角方程，利用蚁群算法求解初值，进一步结合牛顿算法获得不同开关频率及计算步长对应的最多谐波数目，并分析得到调制比-开关角对应关系。通过查找表获得初始开关角，并前馈至电压控制环路，实现对特定次谐波的无静差跟踪。最后以级联H桥多电平变换器为例，搭建仿真与实验平台，验证了理论分析的正确性与所提策略的可行性。,"['选择性电网谐波功率放大器', '级联多电平逆变器', '牛顿-蚁群算法', '实时选择性谐波生成脉宽调制']",T49,T17,3.5,0.5196947075745063,标题:控制策略,0.1003194793999092,0.0386356663485148,0.7544444444444445,T06,A38,A16,3.0,0.7302361545011968,关键词:逆变器,0.1774870959899127,0.0731153892942629,0.7866666666666666,A38,False,False,False,medium,high,medium
ZH_0084,基于电-碳点对点交易的虚拟电厂联盟与配电网协同低碳运行策略研究,"虚拟电厂(virtualpowerplant,VPP)可以通过先进的控制技术对海量分散的分布式能源进行有效聚合，为实现低碳发展提供了有效途径。为促进VPP在碳减排方面的积极作用，提出了一种VPP联盟和配电网多主体协同优化框架。首先，基于碳排放流理论制定了电-碳综合定价方法，激励VPP低碳运行。其次，考虑多个VPP之间采用合作联盟的形式进行共享交易，构建一种基于纳什议价理论的多VPP电碳点对点(peer-to-peer,P2P)交易机制模型，实现资源共享的同时兼顾个体利益和联盟效益。在此基础上，建立一种基于电-碳综合价格引导VPP间电碳P2P交易的VPP联盟-配电网协同优化双层模型。上层模型是多VPP之间电碳P2P最优交易问题，采用自适应步长交替方向乘子法实现多VPP间的分布式求解。下层模型则是配电网的最优经济调度问题。最后，通过算例验证了所提模型和方法的有效性。","['虚拟电厂', '碳排放流', '电-碳综合价格', '点对点交易', '纳什议价理论', '双层优化']",T12,T13,1.0,0.715499502204304,摘要:聚合,0.0235184693263415,-0.0321464128263994,0.6155555555555555,T13,A31,A33,4.5,-0.2764803218718382,标题:配电网；摘要:配电网,0.2623708805378147,0.0822834152011549,0.73,A31,False,False,False,medium,medium,medium
ZH_0086,计及多重交易耦合的省间交易通道可用输电能力优化方法,省间电力交易模型的简化使得虚拟交易流和实际电力流不一致，在区域电网内存在安全运行风险。对此，提出一种考虑多重省间交易耦合及潮流阻塞的区域电网省间交易通道可用输电能力优化方法，在保证电网安全运行的前提下，最大化交易可行域空间，以发挥区域电网资源配置优势。首先，以虚拟交易网络和实际物理网络关联关系为基础，构建了省间电力交易的网络约束模型。其次，采用平面外拓方法搜索网络约束的可行域边界，从而将可用输电能力优化问题归结为可行域覆盖问题。然后，引入有向测度的概念定量刻画可行域的大小，并设计了以智能算法为外层框架、经典线性规划为内层主体的双层混合求解算法。最后，在实际场景中验证了所提方法的适用性和时效性。,"['省间电力市场', '可用输电能力', '网络阻塞', '可行域', '测度论']",T38,T37,0.0,0.000345118075523,,0.1540514229668258,0.0024651291108788,0.4803796298830753,T38,A36,A27,3.0,0.5220714027803922,关键词:电力市场,0.3672236779050663,0.3005100198599437,0.7866666666666666,A36,False,False,False,needs_review,needs_review,medium
ZH_0088,基于灾害场景预估的配电系统韧性两阶段故障恢复策略,针对极端灾害所导致的停电事故频发，提前预估可能灾害场景，统筹部署可用应急资源对于提升配电系统韧性指数至关重要。对此，提出一种基于灾害场景预估的配电系统韧性两阶段故障恢复策略，该策略通过构建考虑时间累积效应的配电线路和交通道路中断模型，并采用蒙特卡洛模拟法对线路故障状态进行模拟完成对灾害场景的预估。进一步，基于所预估的灾害场景，以最小化移动应急资源到故障负荷或中断线路调度时间最短为目标，构建了包含移动应急电源充电站和维修人员维修站的灾前预定位模型，以避免高权重故障负荷的中断。此外，以高权重因子故障负荷随时间推移的甩负荷量加权和最小为目标，构建了基于移动应急资源调度的灾后恢复模型，以保证对高权重负荷的快速恢复。最后，基于改进的IEEE 33节点配电系统及其相应的交通运输网，并以所预估的灾害场景为例验证了所提两阶段故障恢复策略的有效性。,"['极端灾害', '场景预估', '预定位', '韧性', '故障恢复']",T39,T14,1.0,0.6805902702243581,摘要:蒙特卡洛,-0.0409558465326241,-0.2814980698260134,0.6155555555555555,T14,A31,A37,4.5,-0.3281389951462028,标题:配电系统；摘要:配电系统,0.0865500400369278,-0.2867071081871629,0.6699999999999999,A37,False,False,False,medium,medium,medium
ZH_0089,基于子空间分解的电缆缺陷定位方法,"频域反射法(frequency domain reflectometry,FDR)是目前电缆缺陷定位的有效方法之一。针对传统FDR的缺陷定位效果受窗函数和干扰项影响大的问题，该文提出一种基于子空间分解的电缆缺陷定位方法，该方法不需要选择窗函数，并且滤除了干扰信号的子空间，因此拥有更好的缺陷定位效果。首先，利用传输线理论研究电缆的反射系数谱，证实了反射系数谱可用于定位电缆缺陷。然后，介绍了子空间分解技术、改进的贝叶斯信息准则(Bayesian information criterion,BIC)及基于密度聚类算法的原理，通过估计反射系数谱中各复指数衰减振荡函数的参数，并滤除相关干扰，提出了新的电缆缺陷定位谱图。最后，根据所提方法，对200m仿真电缆模型与500m真实电缆开展缺陷定位。结果表明，该定位谱图可准确地定位电缆中缺陷，并且干扰项较少，较大程度地提高FDR方法对电缆缺陷的定位正确率。","['电力电缆', '反射系数谱', '缺陷定位', '子空间分解', 'BIC准则', 'DBSCAN聚类']",T34,T11,1.0,0.0081528358532667,摘要:聚类算法,0.0973478313391627,0.0582345418090486,0.4845236749941489,T24,A09,A43,1.0,0.7207728937146594,摘要:CT,0.0647379736140756,0.0055206693904242,0.6755555555555555,A09,False,False,False,needs_review,needs_review,medium
ZH_0095,前景导向的主动配电网智能储能软开关规划方法,"分布式可再生能源大量并网成为必然趋势，合理的设备规划可以提升配电系统运行灵活性，保证可再生能源的有效消纳。智能储能软开关(soft open points integrated with energy storage system,ESOP)具有时空双尺度运行灵活性，有利于分布式能源并网。因此，考虑规划决策者不完全理性特点，提出一种配电网ESOP规划方法。首先，建立了含ESOP的配电网运行模型；然后，提取出多种面向高渗透率可再生能源并网下的ESOP规划经济性指标；最后，基于前景理论描述不完全理性特征，构建了配电网功率损失减少、购电成本减少、弃风弃光惩罚减少及投资成本属性的前景值模型，以年度综合前景值最大为目标构建ESOP的规划模型。通过线性化凸松弛等手段将原规划模型转化为混合整数二阶锥规划模型。改进的IEEE33节点系统与实际配电网算例结果表明，ESOP可以通过时序特性和柔性互联特性提升配电网消纳能力和运行经济性；同时，决策者对于各属性的重视程度和期望值会对规划结果产生影响。","['智能储能软开关', '前景理论', '优化配置', '高渗透率']",T37,T13,5.0,0.5859190502376492,摘要:混合整数；摘要:二阶锥规划；关键词:优化配置,0.346968198198195,0.0708503588403519,0.8977777777777778,T37,A31,A35,5.5,-0.1740697821142671,标题:配电网；摘要:配电网；摘要:配电系统,0.1623330969017356,0.1280729848980916,0.7255555555555555,A34,False,False,False,medium,high,medium
ZH_0098,基于TCN-LSTM模型的电网电能质量扰动分类研究,"随着新能源发电和众多电动汽车充电桩等非线性设备并网运行，电网电能质量问题日渐凸显。现有解决方案在电能质量扰动分类上流程复杂，且在处理扰动信号时分类准确率偏低。为应对这一挑战，引入了TCN-LSTM混合模型，融合了时域卷积网络(temporalconvolutionalnetwork, TCN)和长短时记忆网络(longshort-termmemory,LSTM)。其中，TCN专注于捕捉时序数据的局部特性，而LSTM负责挖掘长期依赖关系，两者结合能够有效捕捉信号的局部特征和全局关系。为验证模型性能，对14种加入不同信噪比白噪声的电能质量扰动信号进行分类测试。结果表明，TCN-LSTM模型展现出较强的抗噪性能，并在与现有深度网络模型的对比中展现了更高的分类准确度。","['电能质量', '扰动分类', 'TCN-LSTM模型', '时序数据', '抗噪性能']",T13,T01,1.0,-0.6516304273630673,摘要:TEM,0.1813016257946175,-0.1973601954504812,0.4755555555555555,T01,A35,A34,2.0,0.3681219272798075,摘要:电动汽车；摘要:充电桩,0.2572125290566121,0.0580137662843396,0.731111111111111,A35,False,False,False,needs_review,needs_review,medium
ZH_0102,基于直升机优化调度的电力系统灾后快速恢复模型,小概率-高风险的极端事件发生频率呈上升趋势，电网安全问题愈发严峻，建立健全应对极端天气和自然灾害的电力应急响应机制迫在眉睫。为确保高电压等级骨干网架的安全运行，充分利用通用航空资源，提出了一种电力系统灾后快速恢复方法。首先针对直升机飞行特性以及航路三维特性，建立了直升机三维航路规划模型，包含最小离地高度约束、最大转弯距离约束和最大俯仰距离约束等。在此基础上建立了基于直升机优化调度的电力系统灾后快速恢复模型，模型以经济损失最小为目标，考虑停电损失和直升机调用成本；约束条件包含直升机维修路径约束、电力系统安全运行约束及故障线路状态耦合约束，考虑了直升机容量约束、航行里程约束使得模型更加贴切实际。算例测试采用改进的IEEE 30节点系统，展示了利用直升机进行灾后恢复的全过程，结果验证了所提模型的有效性。,"['极端事件', '应急响应', '直升机优化调度', '三维航路规划', '灾后快速恢复']",T37,T40,7.5,0.7581946993861217,标题:优化调度；关键词:优化调度；摘要:优化调度,0.4452731472630992,0.272819281329441,0.98,T37,A28,A37,1.0,0.7394211048165964,摘要:自然灾害,0.2715437105550472,0.138722177261404,0.6755555555555555,A28,False,False,False,medium,high,medium
ZH_0103,面向输变电设备数字孪生的多物理场正反演快速仿真关键技术综述,新型电力系统数字化转型要求其核心设备的状态可测、可观，风险可知、可控。以数字孪生为代表的新一代输变电设备数字化和信息化技术已被广泛提出，但面向设备透明内特性的可视化实时诊断和预警技术还亟待进一步研发升级。为此，该文提出了输变电设备感知网络与仿真系统实时交互响应的内涵特征，分析了当前数字孪生体中正反演仿真的难点和关键点，详细阐述了输变电设备模型与数据驱动的正演快速计算、反演仿真评估、感知网络布控、结果高精度低延时可视化等关键技术的研究现状，讨论了目前数字孪生系统运行中仿真实时性、反演准确性、感知与反演匹配、机理与数据融合等方面亟待解决问题，为输变电设备数字化研发与应用提供参考和支撑。,"['数字孪生', '输变电设备', '快速计算', '反演', '状态评估']",T06,T47,3.5,-0.4484463425947113,标题:综述,0.0940167289455946,-0.4603310185336524,0.6144444444444445,T47,A27,A40,3.5,0.7034775462272262,标题:物理,0.0256279029649694,-0.1180175269483835,0.7544444444444445,A40,False,False,False,medium,medium,medium
ZH_0114,融合储能的光伏发电系统并网逆变器建模与稳定性分析,以新能源为主体的新型电力系统中，大量电力电子器件接入系统，导致其暂态行为改变且拓扑结构状态变量阶数变高。针对上述问题，基于下垂控制方法建立了融合储能的光伏发电系统并网逆变器模型，采用奇异摄动降阶理论与变量梯度法构建了其李雅普诺夫函数。然后，将构建的李雅普诺夫函数与等面积法则相结合，分析了储能系统的接入对新能源系统功角稳定的影响，同时验证了储能系统对光伏系统出力支撑以及出力波动的抑制能力。最后，基于Matlab仿真结果对融合储能的新能源系统特性进行了分析和验证。,"['光储融合', '并网逆变器', '奇异摄动', '李雅普诺夫函数', '功角稳定']",T49,T14,4.5,0.5880850775911439,摘要:下垂控制；标题:稳定性分析,0.2159019929041858,0.2006076970795993,0.8699999999999999,T49,A35,A38,4.5,-0.3606387666834422,标题:储能；摘要:储能,0.0795650466479143,-0.1558231233691249,0.6699999999999999,A38,False,False,False,medium,high,medium
ZH_0115,基于联盟合作博弈的风电数据定价方法,为发挥风电数据价值并给企业带来额外收益，提出一种基于联盟合作博弈模型的风电数据定价方法。首先，提出一种考虑第三方监管的风电数据交易流程与风电数据定价思路。其次，通过数据交易获取邻近场站数据，使用向量自回归模型提高风电预测精度，从而在电力市场交易中降低不平衡成本，提高风电场整体发电利润，体现所交易数据的整体价值。然后，将数据交易前后产生的超额利润(即使用交易数据后的发电利润增加值)，以联盟合作博弈的方式分配给数据售卖方作为交易数据的定价结果，实现数据价值的定量衡量。最后，考虑风电时空特性通过最大化数据价值确定数据交易对象，实现风电数据的合理定价。算例分析结果表明，所提方法能够提升风电预测精度、增加风场发电利润，并实现风电数据定价的公平性与合理性。,"['电力数据交易', '数据定价', '风电预测', '电力市场', '合作博弈']",T38,T31,8.5,0.8060655172389848,标题:合作博弈；关键词:合作博弈；摘要:合作博弈；摘要:博弈模型,0.6855989597190983,0.614753694564177,0.98,T38,A36,A34,4.0,-0.3191005060927622,关键词:电力市场；摘要:电力市场,0.2744731459187471,0.1207106707659839,0.7022222222222223,A36,False,False,False,medium,high,medium
ZH_0118,基于灵活性资源调节和网络重构的P2P交易的阻塞管理方法,"高渗透率可再生能源接入配电网不仅促进了分布式电源以端对端(peer to peer, P2P)的形式参与市场交易，也对电网的安全稳定运行提出了挑战。针对连续双向拍卖(continuous double auction, CDA)机制下P2P交易所导致的阻塞问题，提出了一种考虑产消者经济性的P2P能量市场和阻塞服务市场相互协调的机制和阻塞管理方法。首先，为实现产消者的合理定责，提出了一种考虑交易时序的阻塞定责方式。然后，考虑到产消者参与P2P能量市场和阻塞服务市场的经济性，建立了考虑两级市场产消者经济性的灵活性资源阻塞服务价格模型。在上述基础上，建立了基于网络重构和灵活性资源调节的P2P交易阻塞管理模型。最后，通过具体算例分析了安全校核结果和阻塞管理结果，并验证了所提阻塞方法的可行性和优越性。","['P2P交易', 'CDA机制', '阻塞服务市场', '网络重构', '阻塞管理']",T37,T11,7.5,0.6413228980415832,标题:网络重构；关键词:网络重构；摘要:网络重构,0.2051359878719968,0.1237349860113082,0.98,T37,A31,A09,2.0,0.3712819919288196,摘要:配电网；摘要:分布式电源,0.2191921294417919,0.0805856566344256,0.731111111111111,A31,False,False,False,medium,high,medium
ZH_0131,离网型制氢系统典型短路故障分析及协同保护,离网型新能源发电制氢系统输电线路很可能因故障而造成系统崩溃，故障的快速检测与切除是保证其正常运行的关键。为实现离网型制氢系统线路全范围故障检测，同时实现后备保护与主保护的协调配合，提出一种以故障瞬时功率差分变化率为主保护、本地功率变化率构成后备保护的协同保护方法。首先，确立离网型制氢系统拓扑结构，建立离网制氢电网模型。其次，利用回路分析法推导短路故障电流、电压，计算故障瞬时功率差分变化率。最后，分析不同故障类型下正负极瞬时功率差分变化率特征。当系统通信正常时，利用其故障瞬时功率差分变化率与阈值进行比较以启动主保护，再利用故障后功率差分变化率构造选极坐标系，实现故障选极。当通信故障时，后备保护快速切除故障，避免故障范围进一步扩大。该协同保护方法具有良好的速动性、选择性和可靠性，且能应对通信故障的情况。,"['离网制氢', '故障检测', '协同保护', '通信故障']",T36,T11,4.0,0.7458823767728227,关键词:故障检测；摘要:故障检测,0.3021521912581848,0.1848741198058762,0.8422222222222222,T36,A34,A37,1.0,0.731521702126863,摘要:新能源发电,0.23592913997769,0.0822978723347357,0.6755555555555555,A34,False,False,False,medium,high,medium
ZH_0133,空间品质与区域价格水平——基于新空间经济学的分析,厘清空间品质对价格水平的影响机理，完善空间品质引致人才区域迁移的作用机制，将在一定程度上丰富和发展现有新空间经济理论。文章构建了一个新空间经济学分析框架以阐释“品质”溢价的形成机理，即空间品质通过工业品溢价推动总价格指数上升，然后实证探讨了“品质”溢价是否成立以及是否存在基于门槛效应的非线性影响。研究发现：(1)空间品质显著提高了地区价格水平，即“品质”溢价现象成立。(2)“品质”溢价存在基于经济发展、人才规模和城镇化的门槛效应，且均表现为“品质”溢价逐渐增强的趋势。(3)生态环境、公共服务、文化娱乐和基础设施的“品质”溢价趋势存在差异。,"['空间品质“', '品质”溢价', '新空间经济学', '价格水平', '门槛效应', '人才规模', '城镇化']",T46,T15,1.0,0.727770708792065,摘要:作用机制,0.201908057629529,0.0555050628004641,0.6755555555555555,T46,A41,A47,4.0,0.538154969855575,关键词:城镇化；摘要:城镇化,0.1806455538714608,-0.0131787867458923,0.7822222222222223,A47,False,False,False,medium,medium,medium
ZH_0135,中国式城乡现代化进程中的县城人口变化格局及其影响因素,考察县城人口变化格局及其影响因素是因地制宜推进以县城为载体的新型城镇化建设、促进城乡融合发展的重要基础。文章构建中国式城乡现代化进程中县城人口变化的“格局—规模—功能—机理”分析框架，探讨中国式城乡现代化进程中县城人口变化与城乡发展的内在逻辑，并综合运用位序规模、专业化指数和梯度提升决策树（GBDT）等分析方法考察了中国县城的人口变动现状并探讨相关影响因素及其异质性。研究发现：(1)县城人口占城镇人口比重不断下降，人口流失县城北多南少，且集中分布在东北地区和省际交界地带；(2)县城人口规模体系呈扁平化，不同主体功能区类型的县城人口变化差异并不显著，其中城市化地区县城、农产品主产区县城的人口增长与距离中心城市远近密切相关；(3)经济发展是影响县城人口变动的关键性因素且影响程度不断提升，基础设施与公共服务的影响变化不大且趋于减弱，政策、区位对县城人口变动的影响相对有限，各因素对不同区域县城人口变动的影响存在明显空间异质性。,"['县城', '人口变化', '人口收缩', '空间格局', '影响因素', '中国式城乡现代化', '梯度提升决策树']",T02,T48,4.0,0.1878634602667144,关键词:决策树；摘要:决策树,0.1175826547560241,0.0561675733336745,0.8422222222222222,T02,A41,A46,2.0,0.3937095613530221,摘要:城镇化；摘要:城乡融合,0.3588047059464951,0.2407825810930155,0.731111111111111,A41,False,False,False,medium,high,medium
ZH_0136,智能时代企业算法合谋指数的空间分布特征及其影响因素,文章利用百度指数度量省域企业算法合谋指数，运用双向固定效应模型和空间杜宾模型，分析了2018—2023年中国31个省域企业算法合谋指数的空间分布特征及影响因素。研究发现：(1)东部沿海及中部地区的企业算法合谋指数相对较高，合谋现象更为明显和集中，并呈现出从沿海向西部和东北地区梯度递减的态势。(2)中国企业算法合谋指数总体空间关联格局相对稳定，局部上表现出“高—高”和“低—低”型集聚的两极分化特征，且“高—高”集聚区主要分布在中东部地区，“低—低”集聚区则集中于西部地区。(3)互联网基础设施和人力资本对企业算法合谋指数产生了显著的正向影响，考虑空间因素后，本地区的互联网基础设施和人力资本对本地区企业算法合谋指数的影响仍显著为正，但邻近地区的溢出效应并不显著。未来，应加强东部沿海地区的监管与防控，促进区域协调发展，加强网络基础设施建设和提升人力资本指数，减少企业算法合谋行为的发生。,"['智能时代', '企业算法合谋指数', '大数据杀熟', '价格歧视', '互联网基础设施', '人力资本', '自然间断点分级法']",T42,T48,2.0,0.7352950233660965,摘要:固定效应；摘要:空间杜宾模型,0.1894865669777471,0.1092501669006895,0.731111111111111,T42,A46,A24,4.0,0.5766342252059735,关键词:基础设施；摘要:基础设施,0.2223901068859136,0.2616730371855257,0.7822222222222223,A18,False,False,False,medium,medium,medium
ZH_0137,中部农区村域农民专业合作社时空分异及影响因素,农民专业合作社是解决“三农”问题、构建现代农业经营体系的重要抓手。文章基于天眼查网站提供的2007—2020年村级合作社信息，运用探索性时空数据分析及地理探测器等方法，对河南省兰考县414个行政村所有及各类型合作社的时空分异特征及影响因素进行了深入探讨。结果表明：(1)研究期间兰考县所有及各类型合作社的数量呈波动上升趋势；所有合作社的分布整体呈现为东西边缘高、中间低的空间格局，不同类型合作社的空间分布特征存在一定差异。(2)村域所有及各类型合作社的局部空间结构较为稳定；局部空间依赖方向的稳定性排序为养殖型>所有>种植型>农业服务型；局部空间关联格局表现出较强的路径锁定特征。(3)不同类型合作社空间分异的主导因子存在一定差异，但任意两个因子交互后对合作社空间分异的解释力均有所增强。其中资源禀赋是影响种植型和养殖型合作社分布的基础因素，地理区位是影响农业服务型合作社分布的核心驱动因素，社会经济基础是影响所有合作社分布的重要因素。,"['农民专业合作社', '资源禀赋', '地理区位', '社会经济基础', '村域', '种植型', '养殖型', '农业服务型']",T48,T43,3.0,0.7476170744015622,摘要:空间格局；摘要:空间分异；摘要:地理探测器,0.2618670947249517,0.1972648171540159,0.7866666666666666,T48,A42,A26,4.0,0.7156437532859796,关键词:农业；摘要:农业,0.058929615397448,-0.0311160479572876,0.7822222222222223,A26,False,False,False,medium,high,medium
ZH_0141,演化经济地理学的“需求转向”研究进展与展望,近年来，需求侧视角的引入使演化经济地理学形成了“需求转向”的趋势。文章梳理和总结了需求侧视角下演化经济地理学研究的理论基础、实证进展，并结合研究的局限性及中国当下的经济建设要求提出了对未来研究议题的展望。研究认为：面向需求侧的演化经济地理学研究重点探讨了市场的演化，以及需求对区域产业演化路径、产业集群演化和区域经济韧性的影响等主要议题，但忽视了除出口市场外的其他市场的演化规律、需求对区域经济复杂度的驱动力、需求侧的微观机制以及宏观国家尺度的需求侧研究。从现有研究的局限性和中国经济建设的实际要求出发，未来研究应重视探究需求对经济复杂度的塑造作用、基于演化视角的市场分割形成机制和内需对外需冲击的抵御作用。,"['演化经济地理学', '需求侧视角', '供给与需求', '经济复杂度', '区域经济韧性', '研究展望']",T06,T46,3.5,0.5058300645635535,标题:研究进展,0.0376918888896895,-0.0603974980154339,0.7544444444444445,T46,A39,A43,4.0,0.5457763865911006,关键词:区域经济；摘要:区域经济,0.1185377010760678,0.0412599042221479,0.7822222222222223,A30,False,False,False,medium,high,medium
ZH_0147,中原城市群城市高质量发展时空格局与影响因素,高质量发展是中国经济社会向更高形态演进的关键动力。文章从创新、协调、绿色、开放、共享5个维度构建城市高质量发展水平指标体系，采用CRITIC法、Kernel密度估计、马尔科夫链、地理探测器等方法，探究了2011—2021年中原城市群29个地级市高质量发展的时空格局与影响因素。研究发现：(1)2011—2021年中原城市群高质量发展水平呈现显著提升趋势。其中创新与共享发展增速较快，协调、开放和绿色发展虽增长较慢，但呈正增长。(2)中原城市群高质量发展呈积极趋势，多数城市保持当前水平或向更高水平转移，较高和高水平城市呈现出显著的稳定性和“俱乐部趋同”现象。(3)5个维度高质量发展水平在空间上呈现显著的不均衡性：创新发展高值区呈点状分散布局；协调、创新和共享发展在特定区域集中，核心发展区和北部跨区域协同发展示范区的发展水平显著高于其他区域；绿色发展逐渐趋向均衡。(4)影响中原城市群高质量发展水平的社会、经济和政策因素方面，主要驱动力排序为数字经济>金融条件>资本投资>教育水平>人力资本，这些因素在不同维度的驱动作用呈现显著差异。研究结论为中原城市群城市高质量发展提供了新的理论依据和实证支持，为区域发展战略的优化和政策制定提供了重要参考。,"['高质量发展', '数字经济', '新发展理念', '创新发展', '人口集聚', '资本', '中原城市群']",T48,T41,1.0,-0.0036527681704496,摘要:地理探测器,0.0668595897006586,-0.0260912012174983,0.4755555555555555,T41,A40,A39,4.0,-0.3183098952444165,关键词:数字经济；摘要:数字经济,0.2468841297472518,0.12635789111131,0.7022222222222223,A40,False,False,False,needs_review,needs_review,medium
ZH_0154,建设用地配置与城市经济韧性的动态演进及空间耦合特征,建设用地的配置牵引着人力、资本和产业的时空聚集，对于培塑城市经济韧性和推进城市经济高质量发展至关重要。文章基于2012—2021年中国254个城市的面板数据，利用耦合协调度模型与敏感性指标法，系统分析了建设用地配置总量及其结构与城市经济韧性的时空耦合协调关系。研究发现：(1)中国建设用地配置水平和城市经济韧性呈现上升趋势，空间上表现出“东高西低”的分布特征；(2)不同建设用地类型的耦合协调度存在显著分化，其中商业、物流仓储、居住以及绿地与广场用地与城市经济韧性的耦合协调度持续提升，而公共服务和公用设施用地与之耦合协调度则呈下降趋势；(3)东部地区的长三角和珠三角地区呈现出高耦合协调度集聚效应，中西部地区以重庆为核心形成辐射带动格局，而东北地区则面临低位徘徊的挑战。基于研究结论，提出优化区域用地配置、提升土地配置效率与精准性、加强城市更新与基础设施建设等建议，以促进中国区域经济的高质量发展和城市经济韧性的提升。,"['建设用地配置', '城市经济韧性', '耦合协调度', '空间演化', '高质量发展']",T44,T42,4.0,0.6036768187442206,关键词:耦合协调度；摘要:耦合协调度,0.5739519204623608,0.4548344196015762,0.8422222222222222,T44,A39,A46,3.0,0.2537262333792921,摘要:区域经济；摘要:长三角；摘要:珠三角,0.1790312787832812,0.0980445241378007,0.7866666666666666,A39,False,False,False,medium,high,medium
ZH_0157,中国城市家庭的住房阶层时空演变及其影响因素,住房是家庭资产的重要组成部分，也是表征社会群体分化的重要因素。文章基于中国家庭追踪调查2010—2018年的数据，对中国城市家庭的住房阶层时空演变进行分析，并利用面板多元Logit回归探讨了家庭住房阶层的影响因素。结果表明：(1)中国城市家庭住房阶层整体呈现一房阶层占主体、无房和多房阶层占比较小的“橄榄形”结构，且多房阶层家庭的比例呈明显增长趋势。(2)地理上无房和一房阶层未见明显空间集聚，多房阶层呈现极化格局，并随时间变化从京津冀向长江流域转移。(3)家庭生命周期理论中的家庭规模、家庭年收入、婚姻和年龄是家庭住房阶层实现跃迁的正向因素；通过将制度变量、市场变量加入交互项模型，权力推续理论和市场转型论皆得到验证。另外，省商品房均价也是住房阶层的重要影响因素。,"['城市家庭', '住房阶层', '家庭规模', '年收入', '家庭生命周期', '面板回归']",T13,T42,1.0,0.7028845766691469,摘要:表征,0.1117639226684291,-0.1222530237918077,0.6155555555555555,T42,A39,A11,1.0,0.7240546654458666,摘要:京津冀,0.0810525022646209,0.0289618960419046,0.6755555555555555,A39,False,False,False,medium,medium,medium
ZH_0178,基于多尺度卷积融合时间序列Transformer的复合电能质量扰动识别,"随着光伏、风电等新能源占比不断增加，以及大量新型电力电子设备等非线性负载接入电网，电力系统中的电能质量扰动事件(power quality disturbances,PQDs)频发。为了提高复合电能质量扰动识别准确率，该文提出一种多尺度卷积融合时间序列Transformer模型(multi-scale convolution fusion time series transformer,MCF-TST)。首先，使用3个不同尺度的卷积核对输入的原始电能质量扰动一维时序信号进行多通道卷积操作，初步提取扰动信号在不同时间尺度的多维特征；然后经过时间序列Transformer中的多头注意力机制提取扰动信号更加深层次的暂态局部特征和周期性全局特征；最后通过全连接层和softmax分类器输出识别结果。仿真和硬件实验结果表明，该文所提模型能够在保留信号的原始一维时序特征的同时提取更高维度的深层特征，对多种复合电能质量扰动识别准确率高，具有良好的抗噪能力和泛化性能。","['电能质量扰动', '多尺度卷积', '多头注意力机制', '扰动识别']",T01,T02,8.5,0.7196136575466915,标题:Transformer；摘要:Transformer；关键词:多头注意力；摘要:多头注意力,0.6755432278143029,0.6022824278545192,0.98,T01,A34,A38,2.0,0.7181087534024055,摘要:光伏；摘要:风电,0.0708335723897275,-0.0135089042685316,0.6711111111111111,A38,False,False,False,medium,high,medium
ZH_0189,基于Transformer与单分类支持向量机的窃电时间识别方法,"窃电量的追回是窃电检测的最终目的，准确的窃电时间识别是进行窃电量精确估算的重要依据。然而，现有窃电检测方法侧重于识别窃电行为，对窃电时间缺乏深入分析，亟需研究基于窃电用户自身计量数据的窃电时间识别模型，为窃电量的估算提供依据。针对窃电时间识别问题，提出一种基于Transformer与单分类支持向量机(one-classsupport vector machine,OCSVM)的半监督窃电数据分类方法。首先，对用户负荷数据按日进行切割，将窃电时间识别问题转化为窃电日负荷数据判别问题；然后，使用Transformer作为重构模型学习用户的正常用电模式与规律，以重构出基于用户日负荷数据的重构值；最后，将构造重构误差曲线作为OCSVM的输入，构造正常用电行为的决策边界，进而判别出窃电数据，以实现窃电时间识别。根据南方某省智能电表用户数据进行算例分析，验证了该方法的可行性和有效性，实验结果表明该方法具有较好的灵敏性和鲁棒性。","['窃电', '窃电时间识别', '半监督学习', '单分类支持向量机']",T02,T01,7.5,0.2439307268366944,标题:支持向量机；关键词:支持向量机；摘要:支持向量机,0.2821343212092349,-0.3147805225950396,0.94,T01,A09,A48,1.0,0.738332221900297,摘要:CT,0.1872860801689881,0.1309444421449788,0.6755555555555555,A09,False,False,False,medium,high,medium
ZH_0190,弱电网下虚拟同步补偿器对新能源暂态同步稳定性的影响机理,"虚拟同步补偿器(virtual synchronous compensator,VSCOM)通过将虚拟同步机控制结合到静止无功发生器(static var generator,SVG)中，能够实现对电网电压的主动支撑，改善SVG的弱电网适应性。然而，基于构网型控制的VSCOM作为无功补偿与采用跟网型控制的新能源并网变换器(renewable energy grid-connected converter,REGC)的交互特性更为复杂，因此为研究电网大扰动下VSCOM对REGC暂态同步稳定性的影响。首先根据VSCOM的特性提出了VSCOM的恒电压限流控制。其次，基于该控制建立数学模型，分析VSCOM对REGC的静态稳定极限的改善效果。然后，通过构建VSCOM与REGC的暂态模型，考虑短路比、控制参数、无功容量，研究VSCOM对REGC暂态同步稳定性的影响机理。最后，基于MATLAB/Simulink平台搭建电磁暂态仿真模型验证理论分析的正确性。","['虚拟同步补偿器', '新能源并网变换器', '限流策略', '暂态同步稳定性']",T49,T14,1.0,-0.3272768919859992,摘要:虚拟同步机,0.2390227893966141,0.2337364858142908,0.5355555555555556,T49,A38,A09,3.0,0.5212456385578157,摘要:构网型；摘要:虚拟同步机；摘要:SVG,0.3301789630144315,0.2946117039843979,0.7866666666666666,A38,False,False,False,needs_review,needs_review,medium
ZH_0195,考虑绝缘介质非线性特性的高压阀侧套管电热耦合模型研究,"特高压换流变压器阀侧套管工作在电场、温度场和机械应力场多场耦合环境，电容芯子内部出现温度和电场不均匀分布，亟需将绝缘介质非线性特性引入到阀侧套管的电热耦合机理并开展优化设计。该文模拟了直流分量和多次谐波分量激励下阀侧套管的复杂电场和温度分布，建立了阀侧套管电容芯子发热模型，创新提出了考虑电容芯子绝缘材料非线性特性的阀侧套管电热耦合非线性模型。研究表明：特高压阀侧套管在正常工作时承受电压和电流除50Hz工频分量外，存在复杂谐波分量和直流分量，在频率分量达到2500Hz后其波形幅值趋近于零。随温度在区间[20,110]℃升高和频率在区间[10-1,106]Hz降低，损耗角正切值参数显著增大且存在多处波峰和波谷区域，材料介电常数和温度、频率之间呈现出明显的非线性关系。该文提出的阀侧套管电热耦合非线性模型形成了电热耦合非线性改进等裕度设计方法，实现了套管芯子径向场强最大值为5.85kV/mm，轴向场强为0.41kV/mm，局部放电裕度值为1.29。阀侧套管芯子极板间轴向场强实现均匀分布，验证了阀侧套管电热耦合非线性模型的合理性。该文模拟数据可为特高压阀侧套管的设计制造提供理论支撑，对于保障特高压直流输电工程安全可靠运行具有一定指导价值。","['阀侧套管', '电热耦合模型', '电容芯子绝缘材料', '非线性']",T14,T10,0.0,0.0116739697833805,,0.1792588917061621,0.0833854984527179,0.4928413667617185,T14,A32,A37,2.0,0.4092113225331645,摘要:高压直流；摘要:特高压,0.3999989038385375,0.3515094466654608,0.731111111111111,A32,False,False,False,needs_review,needs_review,medium
ZH_0196,绝缘子伞裙缺陷诱发芯棒酥朽的起始与发展分析,"复合绝缘子的酥朽老化难以跟踪和预测，且会导致绝缘子断串，严重危害电力系统的安全运行。主流观点认为酥朽老化起源于护套—芯棒内界面失效，然而，在一起500kV线路绝缘子异常温升故障中，发现内界面基本完好。该文开展了现场故障绝缘子样品的泄漏电流、局部放电、水扩散、工业计算机断层扫描(computed tomography scan,CT)、扫描电子显微镜(scanning electron microscopy,SEM)、傅里叶变换红外光谱(Fouriertransforminfraredspectroscopy,FTIR)等测试，定位该绝缘子老化起始点位于伞裙—护套界面处的硅橡胶硫化缺陷，老化从伞裙根部向内侵蚀，扩散并穿透护套，造成护套—芯棒界面初步失效。若该绝缘子继续挂网运行，可能最终导致酥朽，该故障被判定为酥朽老化的早期表现。进一步研究发现，该批次绝缘子存在填料团聚、混料硫化不均、室温硫化硅橡胶(roomtemperaturevulcanization,RTV)涂覆欠佳等缺陷，据此提出了制造改进建议。该文为绝缘子异常温升研究提供了详细案例分析，揭示了酥朽早期发展过程，有助于制造厂家和运行单位严控产品质量，预防恶性事故，保障电网安全运行。","['复合绝缘子', '酥朽老化', '异常温升', '硅橡胶粉化', '工业CT无损检测']",T13,T11,3.0,-0.148619330053227,摘要:SEM；摘要:TEM；摘要:红外光谱,0.3255425948364023,0.2241476424769491,0.6466666666666667,T13,A09,A07,4.0,0.7179619446311547,关键词:CT；摘要:CT,0.1950627218434128,-0.014557538348895,0.7822222222222223,A07,False,False,False,medium,medium,medium
ZH_0198,新能源基地柔直送出系统单极闭锁场景下交流电压序贯波动机理与抑制策略,大规模新能源基地经柔直送出系统作为我国未来“沙戈荒”地区新能源开发的重要方案，其在单极闭锁故障时存在交流电压序贯波动的风险。针对新能源柔直送出系统单极闭锁故障期间稳控切机、新能源降功率以及泄能电阻退出等系列扰动引起的交流系统电压序贯波动问题，研究了机理与抑制策略。首先，介绍了大规模新能源基地经柔性直流送出系统的拓扑结构，建立了适用于系统交流电压序贯波动问题分析的数学模型。然后，阐述了单极闭锁故障、泄能电阻投退、新能源切机或降功率等扰动与交流电压的时序耦合机理。在此基础上，提出了新能源降功率与泄能电阻退出相协调的交流电压序贯波动抑制策略。最后，通过PSCAD/EMTDC仿真，验证所提理论与方法的有效性。,"['新能源基地', '柔性直流输电系统', '单极闭锁', '交流电压序贯波动', '抑制策略']",T14,T32,1.0,0.7117837364136269,摘要:PSCAD,0.0263187284388533,-0.0586875970455223,0.6155555555555555,T32,A32,A27,4.0,0.5777943775519793,关键词:柔性直流；摘要:柔性直流,0.2390716598785826,0.2699598396569943,0.7822222222222223,A34,False,False,False,medium,medium,medium
ZH_0199,针对非平稳信号和高频噪声的自适应噪声完整集成经验模态分解-双向长短期记忆风功率预测模型,"提出了一种基于改进的自适应噪声完整集成经验模态分解(complete ensemble empirical mode decomposition with adaptive noise,CEEMDAN)和双向长短期记忆神经网络(bidirectional long short-term memory,BiLSTM)的组合预测模型，以提高风电功率预测的准确性和鲁棒性。当前风电功率预测面临非平稳信号和高频噪声的问题，影响了预测的准确性。针对这一问题，通过CEEMDAN分解，将复杂的非平稳信号分解为多个固有模态函数分量(intrinsic mode function,IMF)，在此基础上创新性地通过平均波动幅度(average fluctuation range,AFR)计算IMF的平均波动幅度进行高低频划分，应用经验小波变换(empirical wavelet transform,EWT)对高频分量进行滤波，显著降低信号中的高频噪声，提高数据准确性。随后，分别对高频和低频分量建立Bi-LSTM模型，选取最优参数进行训练和预测，将各分量的预测结果叠加得到最终的风电功率预测值。模型经过不同季节和数据集的验证，展示了其在风电功率预测中的通用性和鲁棒性。研究证明，结合CEEMDAN分解、AFR划分和EWT滤波，通过有效的噪声抑制和数据分解，能够显著提升风电功率预测的准确性和稳定性，弥补了传统方法在处理非平稳信号和高频噪声方面的不足。","['风电功率预测', '双向长短期记忆神经网络', '完全集成经验模态分解', '经验小波变换', '深度学习']",T35,T01,7.5,0.2326206198636271,标题:功率预测；关键词:功率预测；摘要:功率预测,0.2853129343010711,-0.0527098581169488,0.94,T01,A34,A09,4.0,0.5480713261283576,关键词:风电；摘要:风电,0.0546117271216977,0.057652329488269,0.7822222222222223,A16,False,False,False,medium,high,medium
ZH_0201,基于改进反距离加权的山东风资源高分辨率网格化数据集生成方法,"风力发电在我国能源结构中占比逐年攀升。对风能资源进行准确全面的评估是提升风电出力水平和消纳能力的先决条件。基于空间插值方法建立的高分辨率网格化风资源数据集，可对风资源进行大范围、格点化和精细化的有效评估。为提高风资源数据集的准确性，文章提出了一种基于K-means++自适应的改进反距离加权插值方法(K-means++ adaptive inverse distance weighted interpolation method,K-means++AIDW)。使用该方法对山东地区2022年全年109个国家级气象观测站点的风速实测数据进行处理，构建空间分辨率为9km×9km的网格点，使用风速实测数据逐小时对网格点进行插值填补，得到高分辨率的网格化风资源数据集。将插值后的结果与原始观测数据进行比较发现，与传统反距离加权法(inverse distance weighting,IDW)和Kriging插值方法相比，所设计的K-means++AIDW插值方法平均绝对误差较IDW方法降低了5.4%，较Kriging方法降低了7.8%；均方根误差较IDW方法降低了5.9%，较Kriging方法降低了8.1%，显示出其在整体误差控制上的优势。与空间分辨率0.25°×0.25°的再分析回算数据集ERA5(Fifth Generation of European Centre for Medium-range Weather Forecasts Atmospheric Reanalysis of the Global Climate)的风资源要素相比，所设计的K-means++AIDW插值数据集平均绝对误差和均方根误差平均降低了11.95%和10.07%，验证了所设计插值方法的准确有效性，以及生成的高分辨率网格化数据集的精准可靠性，可作为评估山东省的风能资源潜力的可靠数据基础，为风能资源管理和风电场选址等领域提供准确的数据支持。","['高分辨率风资源网格化数据集', '风能资源评估', '改进反距离加权插值']",T25,T08,7.5,0.7297353139781146,标题:数据集；关键词:数据集；摘要:数据集,0.261903641270462,0.0695379569865336,0.98,T25,A34,A09,1.0,0.7238162103113726,摘要:风电,0.1360549546277157,0.0272586450812333,0.6755555555555555,A34,False,False,False,medium,high,medium
ZH_0203,电力调度元宇宙架构及关键基础技术验证研究（上）：复杂系统设计原理及架构设计,随着我国能源系统进入高质量转型发展阶段，高比例新能源电力系统面临前所未有的复杂性和不确定性，给电网调度运行管理带来挑战。该文探讨了利用元宇宙技术构造电力调度数字化指挥空间(电力调度元宇宙)的总体框架设计及演进路径规划，旨在将电力系统仿真计算、数字孪生、混合现实结合，应用AI来分析和预测、控制电网运行状态，以满足新型电力系统带来的技术挑战，也是前期大数据、云计算、人工智能沉淀在电力系统中的融合应用，为新形势下电网调度运行管理模式进行新探索。该文分析了新型电力系统下调度控制面临的挑战，阐述构建电力调度元宇宙的动因。在电力调度元宇宙定义及内涵基础上，提出构建电力调度元宇宙实现方法。设计电力调度元宇宙体系框架和技术架构，分析元宇宙六大支撑技术在电力调度元宇宙中的应用方向。提出电力调度元宇宙演进路径与运行生态，为实现其工程化应用提供指导与保障。,"['新型电力系统', '元宇宙', '调度元宇宙', '数字孪生', '架构设计']",T32,T47,10.0,0.4025783968189089,标题:系统设计；标题:架构设计；关键词:架构设计,0.2495184173039276,-0.2101543084363653,0.94,T47,A26,A31,1.0,0.7332572829139208,摘要:人工智能,0.2054291694129661,0.0946948779565773,0.6755555555555555,A26,False,False,False,medium,high,medium
ZH_0208,多直流馈入系统最近鞍结分岔点迭代算法,随着越来越多的新能源发电经由直流输电进行跨区域传输，多直流馈入受端系统面临严峻的电压稳定风险。依托广义短路比表征的电网强度及其与多馈入系统电压稳定裕度之间的关系，该文提出一种多直流注入功率空间最近鞍结分岔点的迭代搜索算法，可用于快速计算当前运行点到稳定边界的欧式距离。首先，根据直流多馈入系统的临界广义短路比，利用拓展导纳矩阵的奇异性，构造表征系统鞍结分岔的功率空间代数方程组；其次，证明了利用广义短路比对应的右特征向量可构造出功率参数空间中稳定边界的法向量，依托广义短路比确立的功率空间是凸的；最后，利用上述结果，提出了多直流功率注入空间最近鞍结分岔点的迭代搜索算法。算例计算结果说明所提方法满足工程要求，为多馈入系统的稳定风险识别提供了便捷工具。,"['直流多馈入系统', '广义短路比', '鞍结分岔点', '迭代算法']",T13,T47,1.0,0.7180202893915963,摘要:表征,0.1568281961375211,-0.0141407900600258,0.6155555555555555,T47,A34,A32,1.0,0.7409787853790197,摘要:新能源发电,0.2759619102633535,0.1498484669929985,0.6755555555555555,A34,False,False,False,medium,medium,medium
ZH_0222,计量用低压电流互感器直流偏磁下的误差计算方法和特性研究,"直流会使得电流互感器(current transformer,CT)铁心饱和造成二次电流畸变，影响电能计量的公平性。利用两段线性直线表示CT铁心励磁特性，结合直流和二次侧基波电流平衡方程，推导得到了直流偏磁下计量用低压CT比差和角差的简便计算公式。通过数值仿真计算，分析了CT误差特性与直流，互感器变比和一次侧交流电流有效值之间的变化关系。搭建了CT直流偏磁实验平台，对3种型号CT的角差和比差在不同工况下进行了实验测量。通过与仿真计算值进行对比，验证了理论公式和分析结论的正确性。研究成果可供工程上快速计算CT直流偏磁下误差数值使用，同时也可为评估实际运行的电流互感器遭受直流电流影响大小提供理论依据。","['计量用', '低压电流互感器', '直流偏磁', '比差', '角差']",T17,T01,1.0,-0.0463219563741789,摘要:实验平台,0.0937098701036448,-0.3308711169584206,0.4755555555555555,T01,A09,A16,1.0,0.7245688493900365,摘要:CT,0.1215791467346615,0.0326346385002606,0.6755555555555555,A09,False,False,False,needs_review,needs_review,medium
ZH_0223,电力系统仿射潮流多场景不确定性分析方法,现有仿射潮流方法计算所得潮流解仅能反映某一源荷功率区间范围下的系统潮流分布，难以满足多场景不确定性分析的在线计算需求。针对上述问题，提出一种电力系统仿射潮流多场景不确定性分析方法。该方法采用多个具有不同物理意义的全纯嵌入变量，缩放仿射注入功率的中心值和噪声元系数，以此追踪和描述不确定性注入功率的区间变化，将仿射潮流的解析维度由一维拓展至高维。仿射潮流计算可划分为仿射型潮流解析表达式求解和在线计算2部分，以递归的方式求解仿射状态量的各阶多元幂级数系数，获取仿射型潮流解析表达式，进而通过代入嵌入变量目标值实现具体场景下的仿射潮流在线计算。仿真结果验证了所提方法在收敛性、保守性和多场景分析效率等方面的优势。,"['不确定性', '仿射潮流', '多场景分析', '多维全纯嵌入']",T40,T39,1.0,0.7310825313040694,摘要:潮流计算,0.3772708395842133,0.0791609378862096,0.6755555555555555,T40,A27,A05,1.0,0.7231850727469057,摘要:物理,0.0988279406740005,0.0227505196207551,0.6755555555555555,A27,False,False,False,medium,medium,medium
ZH_0228,台风灾害下考虑源-网-荷协同优化的SCUC复合决策方法,"随着全球气候变化导致台风灾害事件频发，电力设备的故障率大幅上升，严重威胁到电网的安全可靠运行。为提高电力系统韧性，提出一种台风灾害下考虑源-网-荷协同优化的安全约束机组组合(security-constrainedunit commitment, SCUC)复合决策方法。首先，结合台风历史数据以及Rankine风场模型，构建风机出力以及线路故障模型。在此基础上基于状态抽样法构建待决策故障场景不确定集。然后分别构建SCUC、减载和线路恢复不同应对策略的决策模型。同时采用鲁棒优化处理线路故障的不确定性，并将其作为虚拟主体“台风灾害”引入由上述各决策模型作为博弈主体所构建的多主体博弈模型。最后结合迭代搜索法进行求解。仿真结果验证了所提方法能够在保证系统运行经济性的同时最大限度地减少负荷损失，提升电力系统在台风灾害下的韧性水平。","['韧性提升', '鲁棒优化', '多主体博弈']",T39,T38,4.0,0.5532564686123437,关键词:鲁棒优化；摘要:鲁棒优化,0.453252449520129,0.0946890615167404,0.8422222222222222,T39,A28,A37,1.0,0.7361766935542773,摘要:气候,0.3063494007964613,0.1155478111019809,0.6755555555555555,A28,False,False,False,medium,high,medium
ZH_0231,基于LCC注入信号归一化面积差的混合多端直流输电系统永久性故障识别方案,"为避免混合多端直流输电系统重合于永久性故障对系统造成二次危害，提出一种基于电网换相型换流器(line commutation converter, LCC)注入信号的永久性故障识别方案。首先，利用LCC的故障控制能力，对LCC触发角施加附加控制策略实现信号注入，分析确定了注入信号的频率、时长、幅值，提出一种基于LCC的信号注入策略。其次，分析了不同故障性质下信号注入后电压在分布参数模型下的差异性，发现了不同故障性质下由于线路模型差异导致本端电压测量值与对端电压计算值幅值差异明显。最后，结合上述幅值差异性构造归一化面积差，实现永久性故障识别。结合PSCAD/EMTDC仿真结果可得，所提方案仅利用单端数据，不受数据通信影响，且无需仿真整定，能够可靠识别永久性故障，可以耐受400Ω过渡电阻和40 dB噪声干扰，适用于1500 km及以下长度线路。","['混合多端直流输电系统', '永久性故障识别', '注入信号', '幅值差异', '归一化面积差']",T49,T14,1.0,0.0013246559249193,摘要:控制策略,0.0419520771166838,0.0094618280351377,0.4770126770729668,T36,A32,A07,1.0,0.7251198736889146,摘要:换流器,0.1463366500324902,0.0365705263493909,0.6755555555555555,A32,False,False,False,needs_review,needs_review,medium
ZH_0235,新能源经柔直外送系统的暂态同步稳定性分析,"针对变换器并联系统在大扰动下的暂态同步稳定性问题，当前的研究因缺乏有效的非线性动力学系统分析方法而面临着巨大挑战。为此，将新能源经柔直外送系统作为研究场景，建立系统的暂态交互模型，构造解析的李雅普诺夫函数，再利用直接法估计系统的稳定域。据此，进一步给出基于临界能量的系统暂态同步稳定判据。根据理论推导，揭示了新能源侧并网变换器和柔直送端变换器之间的耦合关系。从能量的角度分析了控制参数对同步稳定性的影响，以及控制方式对判定结果的影响。最后，在Matlab/Simulink中搭建基于模块化多电平换流器高压直流输电(modular multilevel converter based high voltage direct current transmission, MMC-HVDC)送出的新能源外送系统仿真模型，验证了所提方法的有效性和分析结果的正确性。","['新能源', '并网变换器', '锁相环', '李雅普诺夫函数', '暂态同步稳定性']",T49,T11,3.5,0.5213785555181977,标题:稳定性分析,0.1073173622168777,0.050663151660596,0.8144444444444445,T49,A32,A09,3.0,0.4994973203549957,摘要:高压直流；摘要:HVDC；摘要:换流器,0.2056899458245966,0.1392665739642553,0.7866666666666666,A32,False,False,False,medium,high,medium
ZH_0243,计及电压控制的柔直系统参数解耦VSG频率支撑方法,"利用柔性直流输电系统潜在的调频能力，可实现对电网频率的有效支撑。但在传统调频过程中，由于虚拟惯量的增加降低了系统对参考功率的跟踪速度，同时带来电压控制稳定裕度的降低，弱化了系统的频率支撑能力。因此，提出一种计及电压的参数解耦虚拟同步发电机(virtual synchronous generator, VSG)策略。首先，对换流站辅助频率控制模型及常规VSG控制方式进行分析，引入直流母线电压，并采用带下垂的PI控制器对电压偏差进行调节。然后，对部分有功功率控制回路(activepowerloop, APL)进行改进，引入低通滤波器及前馈回路消除VSG固有的振荡极点，将APL的参考功率跟踪速度和VSG可提供的虚拟惯量支撑能力进行解耦。最后，利用Matlab/Simulink仿真对所提策略进行仿真验证。结果表明，所提策略能将虚拟惯量的调节和参考功率的跟踪由两参数独立控制，使控制方式更加灵活，并有效提高换流站的频率支撑能力，同时也保证了对电压的良好控制效果。","['VSC辅助调频', '虚拟同步发电机', '解耦控制', '电压闭环调节']",T27,T11,1.0,0.0082965216725687,摘要:滤波,0.0396223586094404,0.0592608690897763,0.4846817293953812,T49,A32,A09,2.0,0.3775309120681702,摘要:柔性直流；摘要:换流站,0.1609466061945894,0.1252208004869298,0.6711111111111111,A38,False,False,False,needs_review,needs_review,medium
ZH_0249,适用于混合风电场频率电压支撑的分布式自适应解耦控制,跟网型风机与构网型风机共同构成的混合风电场具有宽短路比范围稳定运行的优势，但是在弱电网下存在频率电压控制交互影响难以协同支撑的问题。在分析了跟/构网型变流器的频率电压动态耦合特性机理的基础上，提出了一种适用于混合风电场频率电压支撑的分布式自适应解耦控制。该控制由风机间分布式协同控制和风机内部单元级频率电压解耦自适应控制的两个控制层级构成。分布式控制使得各风机保持一致性协同输出，最大化利用各风机的转子动能。自适应控制从风机内部层级考虑混合风电场各风机的运行状态，实现了风电场在保持稳定的基础上充分利用风电场的调节能力。最后，解耦补偿控制对跟/构网型风机进行有功无功前馈解耦，抑制了频率电压支撑过程中的交互影响。在Matlab/Simulink仿真平台搭建了混合风电场接入的四机两区域系统。仿真结果验证了混合风电场频率-电压支撑控制的可行性和先进性。,"['分布式自适应控制', '频率电压协同', '相量动态过程', '混合风电场', '构网型控制']",T47,T49,1.0,0.7150977573702675,摘要:仿真平台,0.0365245729468876,-0.0350160187838026,0.6155555555555555,T49,A38,A34,5.0,-0.2212663496339924,关键词:构网型；摘要:构网型；摘要:变流器,0.2043220868222449,0.1338117883286258,0.7577777777777779,A38,False,False,False,medium,medium,medium
ZH_0260,我国企业参与开源创新的现状、挑战与政策建议,开源正在成为技术创新与产业发展的新范式和关键驱动力量，正在塑造数字经济发展新动力，推动数字时代创新生态构建，也是我国企业实现技术和产业追赶的有效路径选择。文章通过调研和文献研究发现，我国企业在开源领域取得显著进展，参与规模不断扩大，影响力持续提升，但在技术能力、知识产权管理、文化适应性及政策支持等方面仍面临诸多挑战。文章分析了我国企业参与开源的现状与挑战，提出从优化参与结构、完善支持体系、健全治理体系、深化国际合作和创新文化传播5个方面加强政策引导。,"['企业开源', '开源创新', '现状挑战', '政策建议']",T45,T21,0.0,0.0009171785695777,,0.1527408756944933,0.0065512754969838,0.4810088964265355,T45,A40,A24,2.0,0.3959289661633609,摘要:数字经济；摘要:技术创新,0.3625603503041504,0.2566354725954355,0.731111111111111,A40,False,False,False,needs_review,needs_review,medium
ZH_0262,世界主要国家生物医药创新系统的案例研究,文章围绕近百年来全球生物医药领域代表性药品和技术，包括青霉素、青蒿素、单克隆抗体、PD-1单抗、mRNA疫苗、CRISPR/Cas9基因编辑技术等的基础研究、技术突破、成果转化及商业化这一主线，从实践出发，通过解剖麻雀的方式，“双击”每一次伟大创新，刻画了相关国家生物医药创新系统具体形式和绩效表现，形成“见树亦见森林”的图景。通过对比研究发现，相较于英国、德国、日本和中国，美国发展起通畅的成果转化系统和完善的创新系统，这不仅使得美国的“种子”能在美国结出“果实”，别国的“好种子”也竞相在美国长出“果实”，最终美国最为受益。反之，如果本国成果转化系统不畅、创新系统不健全，即便重金培育出“种子”，最后也无法顺利在本国结果，这值得高度重视。中国应充分吸取经验，取长补短，完善成果转化系统和创新系统，提高生物医药产业创新绩效。,"['生物医药产业', '创新系统', '基础研究', '诺贝尔奖', '技术突破', '成果转化', '商业化', '创新绩效']",T23,T09,0.0,0.0028724342269559,,0.2736178131651666,0.0205173873353998,0.4831596776496515,T23,A22,A05,2.0,0.7309280901585639,摘要:基因；摘要:RNA,0.2912582591625022,0.0780577868468848,0.731111111111111,A22,False,False,False,needs_review,needs_review,medium
ZH_0264,适用于光伏接入中压直流配电网的改进型LADRC恒压控制策略,"在外界扰动出现时，含光伏的中压直流配电系统的母线电压会发生波动，给电力系统的稳定运行带来挑战。针对传统光伏恒压控制策略抗扰性不足的问题，提出了基于改进型线性自抗扰控制(linearactivedisturbance rejection control, LADRC)的光伏恒压控制策略。对于两级集成式的DC/DC变换器，采用基于微分反馈的线性扩张状态观测器(linear extended state observer, LESO)，设计改进型LADRC结构，并详细分析了控制器的参数整定、抗扰性和稳定性。在仿真平台中将采用PI控制、传统LADRC和改进型LADRC的光伏恒压控制效果进行对比。结果表明，基于改进型LADRC的光伏恒压控制策略具有优秀的抗干扰能力，能够以更小的超调量和更快的响应速度使直流母线电压恢复稳定。","['光伏发电系统', '中压直流系统', '线性自抗扰控制', '抗干扰能力']",T49,T11,4.5,0.5705361336593427,标题:控制策略；摘要:控制策略,0.1238168078485828,0.0752580975667339,0.8699999999999999,T49,A31,A34,4.5,-0.2832745749620824,标题:配电网；摘要:配电系统,0.0835020285582725,0.0337530359851261,0.6699999999999999,A32,False,False,False,medium,high,medium
ZH_0265,计及多主体全生命周期碳计量的能量与调频市场运行策略,全生命周期碳排放计量和碳交易机制充分体现了绿色、协调的发展理念，对于引导市场低碳化建设具有重要意义。面对提升市场经济-环境效益需求，提出了一种考虑多主体全生命周期碳计量的能量与调频市场运行策略。首先，基于全生命周期评价方法，对市场中能源设备主体各环节的碳排放进行量化分析，计算碳排放系数，并构建碳交易成本模型。其次，考虑全生命周期碳排放计量与碳交易机制，以市场各主体申报成本和总碳排放量最小为目标函数，构建能量与调频市场出清模型。最后，采用IEEE 39节点系统进行算例验证，结果表明所建立的模型可以均衡各机组在经济效益和环境效益方面的利益最大化。,"['全生命周期碳计量', '能量与调频市场', '出清模型', '碳交易机制']",T38,T45,0.0,0.0117928136534564,,0.1989106184948576,0.0842343832389744,0.492972095018802,T38,A44,A36,1.0,0.7292614106939653,摘要:碳排放,0.1768741930817159,0.0661529335283233,0.6755555555555555,A44,False,False,False,needs_review,needs_review,medium
ZH_0271,计及NWP风速横纵向误差的循环确定性策略梯度风速修正模型,"目前数值天气预报(numericalweatherprediction, NWP)风速修正方法大多基于纵向误差的幅值特性评估建模，忽视了NWP风速序列与历史风速序列间超前或延迟效应导致的横向误差对NWP风速修正的潜在影响。因此，提出计及NWP风速横纵向误差的循环确定性策略梯度(recurrentdeterministicpolicygradient, RDPG)风速修正模型。首先，基于加权欧式距离相似度确定各个NWP风速待修正点超前/滞后时序区间(lead/lag timing interval, LLTI)边界，构成强相关时序区间。然后，采用LLTI内统计特征代替该区间NWP原始气象特征，并基于沙普利可加性解释法(shapley additive explanation, SHAP)归因理论，根据每个特征的边际贡献评估不同特征对模型输出的影响程度。最后，建立基于RDPG的NWP风速修正模型。通过算例分析，验证了所提方法在超短期、短期预测的不同时间尺度下修正NWP风速的有效性和可行性。","['数值天气预报', '横向误差', '纵向误差', '超前/滞后时序区间', '循环确定性策略梯度']",T35,T11,1.0,0.0336336617213891,摘要:短期预测,0.3246179210199328,0.2402404408670655,0.5725525834490837,T35,A09,A01,1.0,0.7346031330990656,摘要:CT,0.1898894049212863,0.104308093564754,0.6755555555555555,A09,False,False,False,needs_review,needs_review,medium
ZH_0275,基于谐波检测的调相机失磁保护研究,首先对现有的调相机失磁保护进行分析，结果表明在系统低电压工况下调相机发生部分失磁故障，现有的失磁保护不能可靠动作，保护存在死区。通过研究调相机失磁后的励磁电流变化规律，得出调相机发生失磁故障后气隙合成磁势中含有高次谐波分量，将在定子绕组中产生对应的谐波电流。在此基础上，提出了一种基于谐波检测的调相机失磁保护方法。利用定子绕组中偶次谐波电流含量构建新的失磁保护策略，解决了系统低电压工况下失磁保护不能识别部分失磁故障的问题。最后，通过PSCAD/EMTDC建立了带有调相机的扎鲁特-青州±800 kV特高压直流输电模型，仿真结果验证了该方案的可行性。,"['调相机', '失磁保护', '部分失磁', '偶次谐波', '谐波检测']",T36,T12,0.0,-0.7409480845689622,,0.0214934763230449,-0.1496291754925872,0.26,T12,A32,A28,2.0,0.732320533843303,摘要:高压直流；摘要:特高压,0.190385942064201,0.0880038131664498,0.731111111111111,A32,False,False,False,needs_review,needs_review,medium
ZH_0276,基于信息间隙决策理论的绿证实时定价问题研究,"随着绿证交易制度不断完善，如何更好地维持绿证交易市场供需平衡及削峰填谷是目前亟需解决的问题。针对该问题，借鉴实时电价思想，提出基于需求管理的绿证实时定价机制。构建系统社会福利最大化模型，利用拉格朗日对偶和梯度投影法计算拉格朗日乘子即影子价格，得到最优实时绿证价格。其次，考虑到可再生能源出力具有不确定性因素，通过引入信息间隙决策理论(information gap decision theory, IGDT)，构建风险规避模型和风险偏好模型以探究可再生能源聚合商不同态度下社会福利的变化，为系统经济稳定运行提供参考。最后，利用Yalmip和Gurobi进行仿真模拟。结果表明，所提模型可有效实现绿证供需平衡，提高可再生能源利用率，实现系统低碳经济稳定运行的目标。","['可再生能源', '绿色证书', '实时定价', '影子价格', '信息间隙决策理论']",T12,T20,1.0,0.6968679035685176,摘要:聚合,-0.034980044088991,-0.1652292602248747,0.6155555555555555,T20,A36,A34,4.5,0.0538849349700707,标题:绿证；摘要:绿证,0.1813105161195752,-0.1865361787852097,0.7292734284670778,A34,False,False,False,medium,medium,medium
ZH_0285,智能算法安全：内涵、科学问题与展望,智能算法是指实现智能的计算过程所体现的方法，大多具备数据驱动、不确定性计算、模型推断难解释等特性，而这些特性同时也给智能算法应用带来了潜在的安全风险。文章首先探讨智能算法安全的内涵。具体地，智能算法安全的内涵依据人机融合的程度，由算法自身的一元内生性安全，延伸到算法服务于人时的人机二元应用性安全，最终拓展为人机共生的复杂社会系统中多元系统性安全，故据此提出智能算法安全层级范式（以下简称“TRC范式”），分别涵盖内生决策可信（trustworthiness）的一元安全目标、应用服务可管（regulatability）的二元安全目标和系统风险可控（controllability）的多元安全目标。进一步，基于当前实现TRC范式中的技术难点与智能算法可信、可管、可控的目标，文章提出实现智能算法安全需要重点突破的不确定性算法的可信域判定、黑箱模型的透明化监测与人机共生智能系统的风险临界点感知3个重大科学问题。最后，围绕TRC范式的“度量—评估—增强”技术体系，提出7项研究方向建议与4个方面智能算法安全相关的发展建议，并展望其助力实现人机共治的未来愿景。,"['大数据', '智能算法', '智能算法安全', '人工智能伦理与安全', '智能算法安全层级范式']",T39,T25,0.0,0.0027514793643153,,0.1237218806202661,0.0196534240308238,0.4830266273007468,T39,A26,A20,3.0,0.7533098013449162,关键词:人工智能,0.3961280563231701,0.2379271524636868,0.7866666666666666,A26,False,False,False,needs_review,needs_review,medium
ZH_0292,畜禽养殖业数据应用展望和问题分析,畜禽养殖业是我国的支柱产业，畜禽养殖业中的海量数据是一种宝贵的资源，畜禽养殖业数据的市场化利用对于提升行业水平、增加行业收益以及带动全产业链发展等都有重要作用。目前，基于畜禽养殖业数据市场化的需求，将人工智能、物联网等新一代信息技术应用于畜禽养殖中收集养殖过程数据，在对收集的数据脱密脱敏后，通过云计算、大数据等技术开发畜禽养殖业数据产品，这些数据产品不仅可以提供行业数据可视化、养殖管理、决策支持等服务，还能赋予畜禽养殖业数据市场交易的属性，使其可在市场经济中流通并得到合理利用，实现畜禽养殖产业链价值创造的最大化。未来，畜禽养殖业数据市场化应用将越来越广泛和深入，成为传统行业转型升级的关键部分，对行业发展具有重要意义。鉴于此，文章就数据收集、应用标准、数据确权和市场化建设等挑战和问题提出相关建议，以实现畜禽养殖业数据价值的最大化利用。,"['大数据', '畜禽养殖业', '市场交易', '全产业链', '市场化', '转型升级', '数据价值']",T38,T28,0.0,0.0209575063092598,,0.2464799496291769,0.1496964736375706,0.5030532569401859,T38,A43,A26,4.0,0.5234465711663797,关键词:产业链；摘要:产业链,0.1332600832572631,-0.1182387773830017,0.7822222222222223,A26,False,False,False,needs_review,needs_review,medium
ZH_0298,构建数智安全新格局 保障新发展格局,随着党的二十大以后我国进入新发展时代，数智技术的快速发展和广泛应用激活了新一轮经济发展潜力，也给经济社会发展带来了新的安全挑战。文章首先分析了国际与国内新形势下新发展格局的特点，剖析了新发展格局下数智安全风险挑战，涉及微观层面的技术安全、个人安全，以及宏观层面的经济安全、社会安全、文化安全。在此基础之上，文章提出了构建数智安全新格局的基本方法论，给出了一个涵盖数智技术自身安全、保障数智安全的数智技术、数智安全法律法规和政策3个方面数智安全新格局的基本架构。最后，文章探讨了数智安全新格局和新发展格局之间的辩证与螺旋式协同演进关系，为在新的时代保证经济社会的康持续发展提供指导。,"['数智安全', '数智安全新格局', '新发展格局', '安全与发展']",T13,T04,0.0,0.0002127185598528,,0.085659452120136,0.0015194182846629,0.4802339904158381,T13,A24,A47,1.0,0.7245069592828793,摘要:法律,0.1478150028046111,0.0321925663062809,0.6755555555555555,A24,False,False,False,needs_review,needs_review,medium
ZH_0299,国家科技竞争力测度、演进与国际比较,国家科技竞争力的评估有助于刻画国际科技竞争格局，为科技政策和战略发展提供决策参考。文章从“投入—过程—产出”的视角，提出国家科技竞争力的“潜力—效力—实力”三维测度框架，实现了兼顾规模和效率差异性的国家科技竞争力测度多维度全过程分析。文章基于笔者研究完成的《国家科技竞争力报告2023》，对世界34个主要国家的科技竞争力进行测度，并重点分析了2011—2022年包括我国在内的11个典型国家的科技竞争力演进趋势。在此基础上，从科技竞争潜力、科技竞争效力和科技竞争实力3个维度进一步对34个主要国家的科技竞争力情况进行分类分析，刻画34个主要国家科技竞争格局并揭示我国科技竞争力现状。研究发现，我国科技竞争力近年来增速逐步放缓，转向稳步增长阶段，不过与科技领先国家相比仍有较大提升空间。其中，我国科技竞争实力水平较高，但与主要科技强国相比，在体现科技产出质量的指标水平上差距悬殊；科技竞争潜力水平进步显著，然而我国与主要科技强国在效率型指标水平上仍有较大差距；科技竞争效力水平大幅低于主要科技强国，是制约我国科技竞争力水平整体提升的最主要因素。最后，文章提出提升我国科技竞争力的对策建议。,"['国家科技竞争力', '多维指数测度', '国际比较']",T29,T20,0.0,0.0063483825578254,,0.1527736195519755,0.0453455896987532,0.486983220813608,T29,A48,A07,1.0,0.7266983936337016,摘要:科技政策,0.1783185096303811,0.0478456688121544,0.6755555555555555,A48,False,False,False,needs_review,needs_review,medium
ZH_0321,采用双二阶广义积分器锁相环的MMC多谐波线性化阻抗建模与分析,"与传统单同步坐标系锁相环相比,双二阶广义积分器锁相环(dual ge neralized integrator phase-locked loop,D SOGIPLL)能够在三相电压不平衡、畸变和谐波复杂情况下快速、准确锁相。然而,目前鲜有关于采用DSOGI-PLL的模块化多电平换流器(modular multilevel converters,MMC)阻抗模型。基于多谐波线性化法建立了采用DSOGI-PLL的MMC阻抗模型,并验证了所建立模型的准确性。基于此模型,分析了控制参数对MMC阻抗特性的影响,并对比分析了接入不同强度电网时的系统稳定性。结果表明,与传统锁相环相比,DSOGI-PLL特有的阻尼系数会对MMC阻抗特性产生影响,阻尼系数的减小有利于提高系统稳定性,在其他控制器参数变化或电网强度变化导致并网MMC不稳定时,可通过减小阻尼系数使系统达到稳定状态。","['模块化多电平换流器', '双二阶广义积分器锁相环', '多谐波线性化', '阻抗建模', '稳定性分析']",T40,T49,6.5,0.3808727913404313,标题:阻抗建模；关键词:阻抗建模,0.0901872365786729,-0.0487108310848314,0.9211111111111112,T49,A32,A16,4.0,0.7144139168550961,关键词:换流器；摘要:换流器,0.0272278999484153,-0.03990059389217,0.7822222222222223,A16,False,False,False,medium,high,medium
ZH_0324,沿海区域综合能源生产单元随机优化调度,"为实现沿海区域的海上风电场、海上采气平台和陆上热电联供燃气电厂等多种能源生产子单元的协同化运行，考虑可再生能源出力和氢负荷的随机波动，提出沿海区域综合能源生产单元(coastal integrated energy production units,CIEPU)随机优化调度模型。采用参数化代价函数近似(parametric cost function approximation,PCFA)的动态规划算法求解随机优化调度模型。通过一种基于梯度下降的求解方法——Adadelta法，获得策略函数的一阶信息，并计算梯度平方的指数衰减平均值，以更新策略函数的迭代步长；对随机优化调度模型进行策略参数逼近，从而得到近似最优的策略参数，并逐一时段求解出CIEPU的最优调度计划。最后，以某个CIEPU为例，分析计算结果表明，所提出方法获得的优化调度方案可以提高CIEPU运行的经济性并降低碳排放量，验证了所提方法的准确性和高效性。","['综合能源生产单元', '随机优化调度', '近似动态规划', '参数化代价函数近似']",T37,T39,7.5,0.0136726813094186,标题:优化调度；关键词:优化调度；摘要:优化调度,0.2896047913486611,0.097662009352991,0.8750399494403607,T37,A34,A09,2.0,0.3635273078891725,摘要:风电；摘要:可再生能源,0.1665130129660735,0.025195056351233,0.6711111111111111,A33,False,False,False,medium,high,medium
ZH_0328,构网型柔性直流系统阻尼环节控制策略优化研究,采用构网控制的柔性直流输电系统可模拟同步电机运行特性，为电网提供频率和电压支撑，而传统的功率同步型构网控制阻尼环节引入了调频功能，使柔直功率输出随电网频率变化而波动。该文基于同步发电机调频和阻尼环节的机理辨析，提出了功率同步型构网控制阻尼环节改进方法，可同时满足并网运行稳态功率精准控制和频率突变的阻尼需求，并基于小信号稳定分析给出了控制参数设计原则，基于电磁暂态仿真平台以及渝鄂柔性直流工程现场试验验证了改进策略的有效性。,"['构网控制', '柔性直流', '阻尼环节', '小信号分析']",T49,T47,3.5,0.5638173235866534,标题:控制策略,0.4264662192444987,0.3537972092924222,0.8144444444444445,T49,A38,A32,3.5,-0.3626648686042485,标题:构网型,0.4452684031697815,0.152393795683939,0.6744444444444444,A38,False,False,False,medium,high,medium
ZH_0339,基于热-电-流耦合的芯棒碳化复合绝缘子发热特性研究,该文基于有限元原理，建立了110 kV复合绝缘子热–电–流多物理场仿真模型，重点研究复合绝缘子芯棒碳化缺陷下，环境风速、缺陷位置及缺陷程度对复合绝缘子表面热场分布的影响。然后对仿真数据进行分析，建立了芯棒碳化通道长度与复合绝缘子表面温升之间的三次函数关系，空气流速与缺陷部位表面热量流失之间的幂函数关系，同时提出了考虑空气流动下的复合绝缘子缺陷部位发热仿真计算模型。最后利用该文仿真模型计算结果与现场实际劣化下的复合绝缘子红外测试结果进行对比验证，得到本模型温升相对误差为1.48%，缺陷部位温度相对误差为0.39%，验证了仿真模型的有效性。研究结果可为对现行的复合绝缘子红外诊断方法提供补充和参考。,"['复合绝缘子', '发热', '有限元', '多物理场耦合', '空气对流']",T14,T15,5.0,0.7279294380718404,关键词:有限元；摘要:有限元；摘要:仿真模型,0.2559964883054186,0.0566388433702883,0.8977777777777778,T14,A27,A07,4.0,0.7134644513853048,关键词:物理；摘要:物理,0.0954399519761911,-0.0466824901049656,0.7822222222222223,A07,False,False,False,medium,high,medium
ZH_0343,抽能型高压并联电抗器磁路等效模型及匝间保护方法,抽能型高压并联电抗器(简称“抽能高抗”)是一种既可以为长距离线路提供无功补偿又可以为开关站提供站内用电的新型并联电抗器。铁心上布置的若干气隙在使抽能高抗获得良好线性伏安特性的同时导致了主电抗绕组与抽能绕组间的弱磁耦合。针对抽能高抗这种特殊结构，采用空心变压器模型只能满足抽能高抗端口特性的要求，难以表达抽能高抗实体结构中具体的电磁耦合关系，该文在分析其电磁耦合特性的基础上，提出基于磁路分解的抽能高抗等效建模方法，通过构建抽能高抗的三段磁路等效模型来模拟抽能高抗在额定运行工况及区外故障发生时的电气特性。在所提模型的基础上，针对抽能绕组匝间故障保护灵敏度不足的问题，进一步研究并提出了基于零序电流比值及相位差异的抽能绕组匝间保护新方法，该方法无需引入电压量且无需整定，能够有效识别主电抗绕组和抽能绕组匝间故障并具有较高的灵敏度。最后通过动模试验和仿真试验对比，验证了所提抽能高抗等效模型的准确性及匝间保护方法的有效性。,"['抽能高抗', '三段磁路模型', '零序等值回路', '零序电流比值', '相位差异', '匝间保护']",T36,T29,0.0,-0.0018296942792352,,0.0910969395245966,-0.01306924485168,0.26,T29,A37,A15,1.0,0.7282443556875805,摘要:变压器,0.1586873261436546,0.0588882549112895,0.6755555555555555,A37,False,False,False,needs_review,needs_review,medium
ZH_0359,基于二次聚类的工业用户负荷可调节潜力特征提取与综合评估方法,"随着新能源发电占比增加，发电侧的调节能力降低，挖掘负荷侧的可调节潜力是新型电力系统电力供需平衡的必然选择。针对工业用户，提出了一种基于二次聚类的可调节潜力特征提取与综合评估方法。综合考虑工业用户的可中断性、可转移性和生产属性，建立了负荷可调节潜力评估指标体系。首先，采用近邻传播(affinity propagation, AP)聚类-k均值(k-means)聚类的二次聚类方法挖掘用户可调节潜力特征，计算可调节指标。其次，基于相关性定权(criteria importancethroughintercriteriacorrelation, CRITIC)法和多准则妥协解排序(vlsekriterijumskaoptimizacijaIkompromisno resenje, VIKOR)法分别评估工业用户可中断潜力、可转移潜力和生产潜力。然后，利用集对分析(set pair analysis, SPA)-可变模糊集(variablefuzzyset, VFS)法评估工业用户负荷综合可调节潜力，并得到优先级排序。最后，根据某地区9户工业用户历史负荷监测数据进行可调节潜力评估，通过对不同聚类方法、不同指标体系以及不同评估算法结果的对比分析，验证了所提方法在特征提取、指标定义以及评估合理性方面的优势。","['工业用户', '可调节潜力评估', '二次聚类', '集对分析', '可变模糊集']",T41,T27,1.0,-0.554266804501794,摘要:指标体系,0.2922973267123333,0.0409513964157576,0.4755555555555555,T34,A34,A19,1.0,0.731112399117382,摘要:新能源发电,0.2110522908901506,0.0793742794098717,0.6755555555555555,A34,False,False,False,needs_review,needs_review,medium
ZH_0374,基于小波变换与TKEO的故障识别与定位方法研究,"在含有储能的光伏制氢系统中，故障类型的准确识别及精确定位对其安全稳定运行具有重要意义。针对短距离直流输电系统故障识别与定位精准度低、快速性差的问题，提出一种基于小波变换(wavelet transform, WT)和Teager-Kaiser能量算子(Teager-Kaiserenergyoperator, TKEO)的双端行波故障测距方法。首先对故障信号进行小波变换，使用软阈值进行去噪并重构信号。提取并分析每个小波分解层的特征信息，根据高低频分解层能量的比值判定故障类型。其次采用TKEO法提取出经小波分解后的瞬时能量谱，精确标定首个波头到达直流线路两端的采样点。然后采用双端测距法精确求解出故障距离。最后在Matlab/Simulink中搭建光伏直流制氢系统进行仿真验证。结果表明，所提方法对故障类型的识别和定位具有较高的准确性。","['直流微电网', '故障识别', '故障定位']",T36,T01,4.0,0.7237225664279607,关键词:故障定位；摘要:故障测距,0.272199674170929,0.0265897601997188,0.8422222222222222,T36,A33,A34,3.0,0.4779451418752634,关键词:微电网,0.0368337564771152,-0.0146775580338332,0.7266666666666667,A37,False,False,False,medium,high,medium
ZH_0380,低碳城市试点对工业用地配置的影响及空间效应,文章基于2007—2021年全国277个地级及以上城市面板数据，运用多期双重差分模型和空间双重差分模型，实证检验了低碳城市试点对工业用地配置的影响。结果表明：(1)低碳城市试点对工业用地出让面积和“三高”特征企业用地出让面积占比均具有显著的负向影响，而该试点对工业用地出让价格的影响不显著。(2)异质性分析显示，由于城市资源禀赋和地方政府环境治理压力的不同，低碳城市试点对工业用地配置的影响具有明显的异质性特征。(3)空间效应分析表明，低碳城市试点对经济相邻和地理相邻城市的工业用地出让面积均具有负向影响，同时与地理相邻城市的工业用地出让价格以及经济相邻城市的“三高”特征企业用地出让面积占比均具有负相关关系。据此，提出要充分发挥低碳城市试点对优化工业用地资源配置的积极作用，因地制宜地完善低碳城市试点政策体系，统筹推进试点城市及相邻地区的绿色低碳与协同发展。,"['低碳城市试点', '工业用地配置', '多期双重差分模型', '政策影响', '空间溢出效应']",T42,T06,1.0,0.7416973644867755,摘要:面板数据,0.2379338023958627,0.1549811749055394,0.6755555555555555,T42,A44,A51,1.0,0.7243665885660338,摘要:环境治理,0.1726042251977642,0.031189918328812,0.6755555555555555,A44,False,False,False,medium,medium,medium
ZH_0411,基于邓小平“两个大局”战略转换重塑中国经济地理,"中国历史上曾有合纵连横之说。研究认为,按照邓小平""两个大局""战略转换的改革路径,在东、中、西纵向同质性非均衡区域基础上合纵连横,构成横向区划的泛珠三角、泛长三角和大环渤海三大集聚性趋同俱乐部区域,通过重塑中国经济地理形成公平竞争的区域协调互动机制,以实现基本现代化和共同发展富裕的战略目标。","['中国经济地理', '“两个大局”战略转换', '“三大块”横向区划']",T27,T10,0.0,0.0014966443718389,,0.0512113639869652,0.0106903169417068,0.4816463088090228,T27,A39,A41,2.0,0.7331154112767703,摘要:长三角；摘要:珠三角,0.171297598062742,0.0936815091197879,0.731111111111111,A39,False,False,False,needs_review,needs_review,medium
ZH_0413,基于物质流分析的区域工业生态效率评价——以湖南省为例,"基于物质流分析法,利用生态效率理论,开展了省域和全国工业生态效率比较研究。分析了工业直接物质输入和生产过程输出情况,将物质流指标与工业增加值、区域面积相结合,以湖南省为主在时间序列上作纵向比较,在空间上与全国水平作横向比较,分析了工业物质流的结构。结果表明,在分析年度内湖南省工业物质投入的效率逐步提高,生态效率指标逐年趋优,好于同期全国平均水平。但是,湖南省工业消耗的水泥等资源性物质占比较大,工业经济增长对生态环境的压力主要作用于本区域,工业排放的废弃物铅、汞、镉、砷大幅度地高于全国平均水平。","['绿色发展', '工业物质流分析', '工业生态效率', '物质流结构分析', '工业生态化评价']",T29,T41,0.0,0.0016463705646966,,0.100647939230583,0.0117597897478333,0.4818110076211663,T29,A44,A19,3.0,0.722984270661117,关键词:绿色发展,0.143716745539901,0.0213162190079788,0.7866666666666666,A44,False,False,False,needs_review,needs_review,medium
ZH_0420,基于频率稳定性提升的虚拟惯性优化控制策略,基于传统一阶虚拟惯性的新能源逆变器并联弱电网时，其有功稳态和动态特性调节存在矛盾。首先，总结了基于各种改进结构虚拟惯性算法的新能源逆变器并、离网时的特性及存在问题。然后，针对此问题，以频率稳定性提升为目标，通过调整二阶虚拟惯性算法中一阶微分补偿环节和一阶惯性环节在功率外环前向通道的位置，提出了二阶虚拟惯性优化控制策略。最后搭建了一台100 kW新能源逆变器并网仿真平台，对理论分析结果进行仿真验证。理论分析与仿真结果表明，该算法在保证逆变器有功稳态特性和功率振荡抑制能力的同时，有效减小了动态响应初始阶段的频率变化率，提高了系统频率稳定性。,"['虚拟惯性', '有功振荡', '频率稳定性', '虚拟同步发电机']",T49,T47,4.5,0.6052575082396168,标题:控制策略；摘要:控制策略,0.3898421260195468,0.3232679159972622,0.8699999999999999,T49,A38,A34,1.0,0.7540382078187537,摘要:逆变器,0.3231977396954887,0.2431300558482413,0.6755555555555555,A38,False,False,False,medium,high,medium
ZH_0432,东海浮标综合观测网络支撑海洋环境保护和防灾减灾预报,"中国科学院东海海洋观测研究站(以下简称""东海站"")围绕我国东海海域重要流系和复杂海洋现象研究、台风预警预报、海洋权益维护及保障等需求,组建了科学合理的东海浮标观测网络。东海站的主要成果体现在:积累了10余年的连续实时观测数据,有效揭示了区域海洋环境长期演化过程;建立了台风实时观测数据库,有效改善了台风路径预报的准确性;验证了国际风速模式和流场模式在我国近海区域的适用性;阐释了东海海洋环境季节变化特点,提高了灾害性事件对我国海洋环境危害的预报能力;研发了我国首套超大型三锚式浮标综合观测平台,开拓了智能观测在海洋剖面观测领域的应用示范。东海站始终坚持综合性海洋科学基础研究和技术研发并举,立足我国近海环境演变与生物资源可持续利用的理论创新与关键技术的综合交叉与系统集成的前期基础,面向我国近海海洋生态文明建设、透明海洋计划等国家重大需求及物理海洋学、海洋生态学、海洋化学、海洋生物学等学科前沿问题,东海站开展了系统的长序列定点连续实时观测、试验研究和科普示范,取得了一系列重要成果,为我国近海海洋环境保护和防灾减灾预报提供了重要的数据和技术支撑。","['东海站', '浮标观测', '观测网络']",T25,T19,1.0,0.7196285498992708,摘要:数据库,0.1232958766750061,-0.0026532150052075,0.6155555555555555,T19,A51,A28,4.5,-0.0021943296273684,标题:海洋；摘要:海洋,0.2097427713392253,-0.0156737830526313,0.6699999999999999,A28,False,False,False,medium,medium,medium
ZH_0442,高海拔宇宙线观测站对地方科教及经济社会的影响,"高海拔宇宙线观测站(Large High Altitude Air Shower Observatory,LHAASO)项目是中国科学家在国际宇宙线研究领域提出的重大前沿项目,也是中国在西南地区布局的又一重大科技基础设施。LHAASO项目的实施将最终建成具有国际先进水平的宇宙线研究中心,与世界其他3个宇宙线观测站(位于阿根廷的极高能宇宙线观测站、位于南极的中微子天文观测站、待建的甚高能伽玛天文观测站)形成优势互补,对宇宙线起源这一世纪之谜发起冲击,并推动粒子物理学、天文学、宇宙学领域的相关科学研究产生突破性进展。同时,项目的建设运行也将对设施所在地的科学研究、学科发展、人才培养有重要影响,提高地区科学普及水平,并带动相关经济文化发展。文章将针对重大科技基础设施对地方的科技教育及经济社会影响进行初步分析。","['重大科技基础设施', '高海拔宇宙线观测站', '院地合作', '成果转化']",T24,T11,0.0,0.0028836274256731,,0.1530358168325002,0.0205973387548081,0.4831719901682405,T24,A46,A25,4.0,0.3697155412189407,关键词:基础设施；摘要:基础设施,0.284700473365795,0.0693967229924338,0.7822222222222223,A18,False,False,False,needs_review,needs_review,medium
ZH_0450,考虑碳排放的光储充一体站日前运行策略,“双碳”背景下，光储充一体站不仅能够缓解大量电动汽车充电对电网带来的冲击，而且能够利用新能源减少二氧化碳排放，逐渐成为未来电动汽车充电站的一种主流形式。为使光储充一体站在满足负荷需求的前提下减少碳排放，并且获取最优的运行经济性，提出一种考虑碳排放的光储充一体站日前运行策略。首先，通过数据-模型混合驱动的方式进行场景生成，采用改进的kernelk-means算法对历史数据进行聚类，进而生成光伏出力场景，并通过变分自编码器生成负荷场景。然后，建立以购电成本、碳排放成本、容量电费等为目标函数的日前经济运行策略的数学模型。最后，基于北京地区某光储充一体站的历史运营数据开展算例分析，对比结果表明，光储充一体站使用所提日前策略能够获得更高的经济效益，验证了所提策略的有效性。,"['电动汽车', '光储充一体站', '碳排放', '数据-模型混合驱动', '日前运行策略']",T31,T24,0.0,0.0001166360501622,,0.0633251567497533,0.0008331146440163,0.4801282996551785,T31,A35,A44,4.0,-0.2967788021517037,关键词:电动汽车；摘要:电动汽车,0.4325371970209816,0.2801514132021162,0.7022222222222223,A35,False,False,False,needs_review,needs_review,medium
ZH_0455,青藏地区农牧企业区位特征变化及影响因素,农牧企业作为农牧业空间的载体和市场主体，其区位特征与影响因素识别对优化高原农牧业布局、保护生态安全具有重要意义。基于2011、2021年的农牧企业数据，采用核密度估计与空间自相关分析青海、西藏的农牧企业空间格局演变，引入逐步回归模型从市域和县域尺度探究其影响因素。研究发现：(1)青藏农牧企业2011—2021年迅速增长，始终呈集聚分布态势，集中于西藏“一江两河”和青海“湟水谷地”“黄河谷地”地区。(2)2011、2021年青藏农牧企业均有显著的空间集聚性和依赖性。时序演变上，青藏农牧企业的空间集聚程度和依赖性减弱，呈现空间扩散趋势。(3)青藏农牧企业分布影响因子的作用强度因尺度而异，市域尺度上人口密度对其分布有显著正向影响；县域尺度上第一产业增加值、在校中学生数、人口密度、路网密度、高程、区域GDP等6个因素均呈现正向作用。(4)采用地理加权回归分析农牧企业分布影响因素在县域尺度空间作用差异，发现路网密度和在校中学生数对全部县域农牧企业分布均呈正向影响，而高程均呈负向影响；人口密度的影响在青海中东部县不明显甚至呈现负向，在西藏及青海中西部县呈正向，尤以西藏东南及西北部正向作用显著。,"['农业与畜牧业', '企业区位', '人口密度', '高程', '路网密度', '空间集聚', '青藏地区']",T48,T44,2.0,0.7261162778106562,摘要:空间自相关；摘要:空间格局,0.1659538534920654,0.0436876986475447,0.731111111111111,T48,A42,A43,3.0,0.7081335457995444,关键词:农业,0.0052697331046146,-0.0847603871461108,0.7266666666666667,A43,False,False,False,medium,medium,medium
ZH_0459,长江经济带城市协同发展格局及其优化策略初探,"城市协同发展是实现长江经济带高质量发展目标的重要途径之一。文章基于复合生态系统、区域创新系统、关系经济地理理论,构建了长江经济带城市协同发展能力评价指标体系,并借助空间相关、齐普夫(Zipf)规模位序分析等定量方法,对2019年长江经济带城市协同发展能力进行计算分析。文章指出,长江经济带城市协同发展格局呈现上海""龙头""地位显著、城市之间差异明显、核心-边缘结构特征鲜明、不同领域关系复杂等特征。为提升城市协同发展能力,应重点构建协同创新网络、发展双向""创新飞地""、重视多领域协同互动,推动实现长江经济带发展的国家战略目标。","['协同', '创新', '绿色', '长江经济带']",T41,T43,1.0,0.0067531000414774,摘要:指标体系,0.126909296728634,0.0482364288676959,0.5429839656011807,T41,A40,A39,1.0,0.7206233497601758,摘要:创新网络,0.1253295405887833,0.0044524982869702,0.6755555555555555,A40,False,False,False,needs_review,needs_review,medium
ZH_0467,我国网络信息安全发展的探讨,党的二十大报告指出，要推进国家安全体系和能力现代化，坚决维护国家安全和社会稳定。网络信息安全，是国家安全体系的重要组成部分，也是国家安全能力现代化的重要支撑；在当今信息化时代，其对我国政治、经济、军事及社会安全都有重要影响。在党的领导下搞好网络信息安全，对增强国家安全能力，提高公共安全治理水平，完善社会治理体系都有重要意义。,[],T28,T42,0.0,0.0032015968312461,,0.1324848921686411,0.0228685487946151,0.4835217565143707,T28,A24,A47,1.0,0.7249288640898282,摘要:社会治理,0.3105510036281091,0.0352061720702009,0.6755555555555555,A24,False,False,True,needs_review,needs_review,medium
ZH_0474,集群社会资本对企业自主创新能力影响的实证研究,"产业集群获取竞争优势的关键是集群企业通过关系网络快速有效的获取知识和创新资源,提升自主创新能力。研究构建了产业集群社会资本与自主创新能力的测评体系,运用统计分析与结构方程模型方法探析了社会资本五个维度对集群企业自主创新能力的影响机制,实证分析认为:提升集群企业自主创新能力应从增强产业集群开放性、发挥中介机构在产业集群中纽带作用、加强产业园区建设和城市圈建设等方面入手。","['社会资本', '集群企业', '自主创新能力']",T20,T41,1.0,0.7129667960052725,摘要:结构方程模型,0.0414594809622512,-0.0502371713909103,0.6155555555555555,T41,A43,A34,1.0,0.7681418278377375,摘要:产业集群,0.4384908623819601,0.3438701988409824,0.6755555555555555,A43,False,False,False,medium,medium,medium
ZH_0478,文化区域的经济协同发展机理研究——以武陵山片区为例,"文化区域是特定时间和空间文化的载体,文化区域经济协同对于区域经济可持续发展极为关键。不论是同一性文化还是多样性文化,都可推进区域经济协同,也可能增加区域经济的协同难度。以武陵山片区为例,分析武陵文化区域经济协同的条件和存在的难题,提出打造文化认同、成立协同机构、突出文化特色、强化产业合作和完善保障措施等建议,促进武陵山文化区经济协同发展。","['文化区域', '经济协同', '发展']",T45,T31,0.0,0.002257148929351,,0.1192740853013995,0.0161224923525071,0.4824828638222861,T45,A39,A45,1.0,0.7407348190923604,摘要:区域经济,0.3198604110371101,0.1481058506597167,0.6755555555555555,A39,False,False,False,needs_review,needs_review,medium
ZH_0480,基于5G授时的配网差动保护数据同步方案,"在配网中实现基于5G通信电流差动保护的关键技术之一是区段两端电流数据的同步问题。分析现有数据同步方法应用于5G电流差动保护的适应性;介绍5G协议中时间同步指标及实现架构;在此基础上,提出利用5G通信中的高精度时间信息实现数据同步的实用化路线。在该路线中,设计一种基于5G信号参数的基站授时方案;给出两种适用于配网电流差动保护的对时信号;最后提出基于B码对时信号的电流差动保护数据同步方法并分析其误差。理论上所提方案可实现线路两端时间同步偏差不超过20.8μs,对应两侧电流相角偏差不足0.5o,完全满足电流差动保护要求。","['5G通信', '配电网', '电流差动保护', '时间同步', 'B码', '基站']",T25,T38,0.0,0.0044001831324129,,0.0998159406329473,0.0314298795172359,0.4848402014456542,T25,A31,A12,3.0,0.7298495995122014,关键词:配电网,0.1383442580806629,0.0703542822300104,0.7866666666666666,A31,False,False,False,needs_review,needs_review,medium
ZH_0497,21世纪前期我国能源战略的若干问题,能源是制约我国经济发展的关键因素之一。当前我国在人均能耗水平、能源利用效率、能源消费方式等方面均大大落后于发达国家。今后应通过合理利用国内外两种资源，尽快改变迄今仍以煤为主的能源消费结构。在全国宏观调控下，各个大的地区应根据其区域经济发展与能源供需平衡的不平情况与特点，遵循市场经济规律，拟订有所区别的区域能源战略。本文在分析我国能源主要问题的基础上，阐述了优化能源结构的途径并提出了七个大区的能源战略要点。,"['能源消费结构', '区域能源战略']",T25,T47,0.0,0.0031985946957366,,0.1317560073331288,0.0228471049695475,0.4835184541653103,T25,A39,A28,1.0,0.7213735285639654,摘要:区域经济,0.1436843334005146,0.0098109183140389,0.6755555555555555,A39,False,False,False,needs_review,needs_review,medium
ZH_0515,要素流动与生产率增长研究——对广东省“空间结构红利假说”的实证分析,"在采用""永续盘存法""估计广东省三次产业和各市资本存量的基础上,利用""偏离—份额法""分解了广东省产业结构和空间结构的生产率增长效应,并发现生产率的增长主要来源于劳动力的结构效应,尤其是静态转移效应;而内部增长效应在多数阶段都产生了较大的抑制作用。劳动力要素的流动所带来的不管是产业结构还是空间结构的改变都表现出了""结构红利""现象,而资本表现出的""结构红利""不明显,甚至还产生了""结构负利""。","['要素流动', '生产率增长', '结构红利假说', '实证分析']",T28,T35,0.0,0.0015917328700978,,0.0758103582415795,0.0113695205006991,0.4817509061571076,T28,A43,A30,1.0,0.7576721168594306,摘要:产业结构,0.4040863874997603,0.2690865489959329,0.6755555555555555,A43,False,False,False,needs_review,needs_review,medium
ZH_0517,中国科学技术发展应重视的几个问题,"过去的70年,特别是最近几年中国科学技术日新月异,我国已成为名副其实的科技大国,成绩值得骄傲。与此同时,我们应当清醒地认识到中国科学技术水平要支撑实现""两个一百年""奋斗目标仍然差距不小。幸运的是,当前正处于挑战和机遇并存的历史时期。在这样一个时期,战略选择和对应的改革十分重要。能否抓住这一机遇,特别是新一轮科技革命和科学研究范式变革的机遇,科技界肩负着重大的历史使命。从当前看,以下4个问题十分重要。","['科学技术', '战略机遇', '科研范式变革', '学科交叉', '基础研究', '人才培养']",T23,T45,0.0,0.0068348221471014,,0.1253989288141951,0.048820158193582,0.4875183043618116,T23,A25,A48,3.0,0.6986633579818378,关键词:人才培养,0.1642345427672887,-0.1524045858440152,0.7266666666666667,A48,False,False,False,needs_review,needs_review,medium
ZH_0521,载人航天、深空探测和科学卫星三类任务中的空间科学,为落实习近平总书记关于要推动空间科学、空间技术、空间应用全面发展的指示，我国航天事业在近年来出现了可喜的发展。空间科学成为越来越多从事航天事业的大学和科研机构关注的对象。然而，对于空间科学在载人航天、深空探测和科学卫星这三类任务中如何发挥其作用，仍然有不少疑问和困惑。文章从空间科学发展的起源，以及载人航天、深空探测和科学卫星各自的特点，探讨空间科学在其中所起到的作用，并提出政策建议。,"['载人航天', '深空探测', '科学卫星']",T06,T12,0.0,0.0001950097159577,,0.1284498809412171,0.0013929265425551,0.4802145106875535,T06,A48,A49,1.0,0.7342472810122114,摘要:科研机构,0.3178789341126514,0.1017662929443667,0.6755555555555555,A48,False,False,False,needs_review,needs_review,medium
ZH_0526,中缅铁路工程建设中风险监测模型构建与实证检验,"""一带一路""倡议自提出以来,中国企业承建海外基础设施项目日益增加。由于海外工程项目参与者众多、投资巨大、施工难度高,存在众多风险因素,现有的文献对于工程风险评估的研究大多存在数据主观性过大和无法逆向推理等问题。针对上述问题,文章提出了将三角模糊数与贝叶斯网络法相结合的风险评估方法。选取中缅铁路项目为研究对象,首先通过三角模糊数法将专家的评估数据转换为所需的模糊数语言,然后在构建贝叶斯网络后利用联合树法得出工程发生风险的概率,再通过正向和逆向推理,测算各风险因素对工程风险的影响程度,最终利用敏感性分析对各风险因素进行排序,确定影响工程风险的敏感因素。发现其政治风险、社会文化风险较高,自然风险、经济风险、技术风险较低,符合工程实际情况。与其他评估方法相比,该方法有效降低了数据主观性并且考虑了风险因素之间的相互作用与传递路径,使得评估结果具有更高的可靠性,有效完善了海外重大工程项目的风险评价体系。","['海外重大工程', '三角模糊数', '风险评估', '贝叶斯网络“', '一带一路”倡议']",T30,T25,4.0,0.7490278379490141,关键词:风险评估；摘要:风险评估,0.5728147976573599,0.2073416996358151,0.8422222222222222,T30,A46,A50,5.5,0.0219443850370968,标题:铁路；摘要:铁路；摘要:基础设施,0.1709422529418314,-0.3107868601246325,0.749694379096362,A50,False,False,False,medium,high,medium
ZH_0532,空间科学对国家科技、经济与社会发展的作用,"1957年,前苏联发射了世界上第一颗人造地球卫星,标志着人类进入空间时代。空间时代的到来使人类有能力突破大气层的干扰与屏障,以全新的角度探索和研究宇宙空间。近60年来,通过空间科学探测与研究,人类关于宇宙的教科书不断被改写,重大科学发现与突破不断涌现,彻底改变了人类对宇宙和自然的认识;同时,通过空间科学卫星计划,带动了航天技术和相关技术的革命性进展,开辟了多项新的技术与产业领域,激励和鼓舞了数代年轻人追寻科技梦想。空间科学被公认为是""财富的发电机""、""创新的驱动器""和""新理论新知识的源泉"",是各科技强国竞相发展、寻求革命性突破的领域,对国家发展具有重要的战略作用。","['空间科学', '空间科学卫星', '宇宙']",T11,T06,0.0,2.542875214958662e-05,,0.1189148615238297,0.0001816339439254,0.4800279716273645,T11,A28,A48,1.0,0.7220588604381631,摘要:大气,0.2021475069656606,0.0147061459868796,0.6755555555555555,A28,False,False,False,needs_review,needs_review,medium
ZH_0538,集聚经济与基于价值链的企业区位选择——重新发现内部集聚经济,"以往集聚经济的研究多集中在以专业化、多样化等为核心的外部集聚经济,对内部集聚经济关注不足。而在""多部门企业(Multi-unit firms)""组织方式背景下,单一企业的规模经济逐渐扩展为同一集团下属企业由于共同区位带来的内部集聚经济,重新发现内部集聚经济益发重要。文章旨在以华东地区整车集团新成立企业的区位选择为例,分析内部集聚经济对企业区位选择的影响。研究发现:整车集团在某区域的从业人员总数每增加1%,该集团在该地设立下属企业的概率提升0.818%。纳入集团的初始位置、在投资地的投资时长和本地竞争等因素后,内部集聚经济的影响作用依然稳健。集团企业在同一价值链环节内部和不同价值链环节之间均会发生共同集聚。另外,加入内部集聚经济因素后,没有找到外部集聚经济稳健地影响企业区位选择的证据。","['内部集聚经济', '外部集聚经济', '价值链', '整车集团', '企业区位选择', '华东地区']",T21,T45,0.0,0.0090281314906017,,0.1945401047902837,0.0644866535042983,0.4899309446396619,T21,A50,A09,1.0,0.7206674472018653,摘要:投资,0.1735069494227152,0.0047674800133233,0.6755555555555555,A50,False,False,False,needs_review,needs_review,medium
ZH_0553,城乡共建新区:大都市区城乡空间统筹的新路径及其机理探析——以长春市长德新区为例,"以长春大都市区内的长德新区为例,探析城乡共建新区这一新型地理空间框架推进大都市区城乡空间统筹的基本模式与内在机理。基于长春大都市区城乡空间开发隔离、产业空间布局不均衡、中心地体系不完善与基本公共服务失衡等问题,在城乡共建新区的视角下,从相关主体空间利益关系协调、产业空间关联网络构建、大都市边缘新城的诱导三个层次,深入分析了长德新区推动城乡空间统筹的总体效应,进一步提炼""利益协调—产业融合—服务均衡""的城乡共建新区推动城乡空间互动的基本模式,最后深入探讨了城乡共建新区成功推动大都市区城乡统筹的机理,以期为大都市区地域城乡空间统筹实践总结经验、提供指导。","['城镇化', '城乡共建新区', '城乡空间统筹', '大都市区', '长德新区']",T30,T48,0.0,0.0123486291561051,,0.2605761382115453,0.0882044939721793,0.4935834920717156,T30,A41,A47,3.0,0.4908114612300467,关键词:城镇化,0.171302235942061,0.0772247230717625,0.7866666666666666,A41,False,False,False,needs_review,needs_review,medium
ZH_0556,2010—2016年中国多维贫困动态分析——基于中国家庭跟踪调查(CFPS)数据的实证研究,"随着中国反贫困实践的深入推进,收入维度下中国农村贫困状况得到大幅改善。但是一方面通过收入贫困线测度的贫困发生率不能完全反映出中国反贫困政策的实施效果,另一方面导致地方政府过度追求脱贫数量,而忽视脱贫质量。从多维的角度对中国的贫困状况进行测度,有助于有效克服以上两个问题。文章沿用全球多维贫困指数的分析框架,基于CFPS的历年抽样调查数据,对中国总体多维贫困状况的动态变化进行了研究,发现中国的多维贫困指数和多维贫困发生率均呈现逐年下降的趋势,但是贫困强度的变化却不明显;整体上贫困人口的生活水平在逐步提高,但是适龄儿童辍学率却出现了大幅上升;另外,安全饮用水和炊用燃料对于总体贫困的贡献也较高。","['多维贫困指数', '扶贫', '收入贫困', '儿童辍学率', '安全饮用水', '精准扶贫政策']",T06,T24,0.0,0.000576205386509,,0.1042202605825815,0.0041157527607786,0.4806338259251599,T06,A08,A42,4.0,0.5482581720587392,关键词:儿童；摘要:儿童,0.0809874394306841,0.0589869432767087,0.7822222222222223,A05,False,False,False,needs_review,needs_review,medium
ZH_0566,基于限流控制与保护协同的柔性直流配电线路整体保护方案,"柔性直流配电线路故障后的过电流极高，需要通过限流的方式降低对高开断电流断路器的需求，而限流后现有的保护原理可能会失效，因此，限流技术与保护原理的结合已成为目前直流配电系统发展的迫切需求。为此，利用控保协同思想，提出了一种全周期限流控制策略与相关性保护原理协同的柔性直流配电线路整体保护方案，能够在限流的同时实现故障识别。所提出的全周期限流控制策略在故障发展的前、中、后期利用不同的限流环节有针对性地抑制故障电流，极大地减轻了直流配电网对于高开断电流断路器的需求；与此同时，利用Pearson相关系数综合描述线路两侧正负极电流极性及波形突变特征，可以同时识别区内外故障并且区分故障类型，减少保护冗余，在限流控制策略作用下仍能够可靠动作。在实时数字仿真器(real time digital simulator,RTDS)中的仿真结果表明：限流控制策略有效降低了故障电流，并且增强了线路两侧电流之间的相关性；保护能够可靠识别故障，不需要严格的通信同步，且不受过渡电阻、数据窗长和噪声的影响，有较好的应用前景。","['柔性直流配电网', '控保协同', '限流控制', '相关性原理', '故障线路识别']",T49,T42,1.0,0.7201915983400342,摘要:控制策略,0.1068070878055692,0.0013685595716727,0.6755555555555555,T49,A31,A32,5.0,-0.2504714868158151,关键词:配电网；摘要:配电网；摘要:配电系统,0.0817782368450678,-0.0747963343986796,0.6977777777777778,A32,False,False,False,medium,medium,medium
ZH_0570,欠发达农区村域经济对产业集聚区的响应机制研究——以河南省王胖庄为例,"以河南省开封县黄龙产业集聚区相邻的王胖庄为研究区域,利用实地调研数据,采用统计方法和SPSS17.0软件计量分析,探讨了村域经济对产业集聚区的响应机制。①产业升级。农户从事第二、三产业的人数增多。同时,粮食作物逐渐转向经济作物。②职业转化。通过务工、自主创业以及外出务工回流的方式实现了村域人口在就业空间上的转移。③思想冲击。耕地的重要程度降低,从事非农产业的积极性提升,生活方式高级化,向往城市生活的愿望强烈。④分化加剧。面对外界刺激,农户逐渐分化为发展型,稳定型和衰退型。⑤农户对产业集聚区的响应程度与核心劳动力年龄、人均耕地面积呈负相关,与劳动力教育年限、劳动力数量呈正相关。","['村域经济', '产业集聚区', '欠发达农区', '响应机制']",T20,T46,1.0,0.7079652087906385,摘要:实地调研,0.0332449591107026,-0.0859627943525819,0.6155555555555555,T46,A42,A25,3.0,0.4825894502848676,摘要:耕地；摘要:农户；摘要:粮食,0.0855610079641166,0.0184960734633406,0.7266666666666667,A43,False,False,False,medium,medium,medium
ZH_0573,我国区域文化创意指数的测度及经济增长效应,"在分析已有研究成果的基础上,综合设计了一套能够反映我国区域文化创意产业发展状况的评价指标体系。根据这套指标体系运用探索性因子分析方法对区域产业规模指数、人力资本指数、创新能力指数和文化资本指数进行了逐一评估,最终获得全国31个省(市、区)的区域文化创意指数总水平,显示出文化创意指数的空间分异状况。进行多元回归分析后,发现区域文化创意指数水平与区域经济增长水平存在正相关关系,而且弹性系数较高,说明区域文化创意指数的经济增长效应非常显著,文化创意产业的重要性不容忽视。","['文化创意指数', '评价', '区域', '经济增长']",T41,T48,1.0,0.0404688320527859,摘要:指标体系,0.2967020044244363,0.2890630860913277,0.58007127081362,T41,A39,A45,1.0,0.7238120266917112,摘要:区域经济,0.1632108817641292,0.0272287620836519,0.6755555555555555,A39,False,False,False,needs_review,needs_review,medium
ZH_0575,考虑CT饱和干扰的电力变压器励磁涌流识别方法,"为了进一步提升励磁涌流识别技术,减少电流互感器(current transformer,CT)饱和干扰下电力变压器差动保护的误动与拒动情况,分析了CT饱和对传统方法的干扰问题,提出了一种基于特征数据判定的励磁涌流识别方法。首先,根据差动电流波形变化率差异,采用特征数据识别常规故障电流。其次,针对部分励磁涌流波形呈现单向性这一区别于故障电流的特性,通过辨识电流形式,识别单向励磁涌流。然后,针对饱和故障电流的识别问题,借助特征数据剔除干扰波形区段后,对特定取值区域内的波形数据进行多元线性回归拟合,利用判定系数区分饱和故障电流与双向励磁涌流。最后,仿真测试结果与录波数据测试结果均验证了所提方法的可行性,同时表明该方法相比于传统方法更具抗CT饱和干扰能力。","['励磁涌流', '故障电流', '电流形式', '特征数据', '判定系数']",T11,T01,4.5,0.5222600587849322,标题:CT；摘要:CT,0.0427932045175437,-0.2695710086790558,0.8099999999999999,T01,A09,A37,4.5,-0.0029086348931415,标题:CT；摘要:CT,0.1181425935968241,-0.0207759635224393,0.6699999999999999,A37,False,False,False,medium,high,medium
ZH_0576,浙江省滨海城镇带的中心—边界识别,"浙江滨海城镇带是浙江经济、产业、城市化发展的核心区,主导未来浙江城镇体系的发展演化。基于加权Voronoi图像,结合城镇综合辐射指数计算与断裂点模型,构建城镇辐射区模型,划分浙江滨海城镇带辐射范围。研究表明:1滨海城镇带总体辐射能力较强,呈现出""三片四点""的空间格局,中心—边界体系结构清晰;2部分边界地区仍存在弱连绵区或单一强辐射扩张的现象,城镇空间发展不均衡。根据滨海城镇带中心—边界发展态势,提出滨海城镇带的后续空间演化模式""板块都市圈培育发展—分区城市群形成—滨海城市带形成""的构想。","['城镇体系', '城镇辐射能力', '加权voronoi', '中心体系', '腹地划分', '滨海城镇带']",T45,T48,1.0,0.0110362093468256,摘要:发展态势,0.1915794208897737,0.0788300667630407,0.5476953858370638,T45,A39,A41,2.0,0.7458975392976637,摘要:城市群；摘要:空间发展,0.3026918152753665,0.1849824235547403,0.731111111111111,A39,False,False,False,needs_review,needs_review,medium
ZH_0577,城市居民环境友好行为意向形成机制的性别差异,"利用在海口市的调查数据,分析环境友好行为意向形成的性别差异。结果发现:①女性报告的环境友好行为意向强于男性;②影响男女环境友好行为意向形成的因素不同,产生机制也不同。环境敏感度、环境态度、反应效能感是男性环境友好行为意向的预测因子,后果意识对男性的环境友好行为意向形成具有调节作用;环境敏感度、环境行动知识、反应效能感与后果意识是女性环境友好行为意向的预测因子;在特定条件下,环境行动知识对女性的环境友好行为意向形成具有调节作用。研究结果能为居民环境教育,尤其是进行性别差异化教育提供科学依据。","['环境友好行为', '意向', '性别', '环境教育']",T46,T20,3.5,0.7100650222057041,标题:形成机制,0.2091241377489343,-0.0709641271021125,0.7544444444444445,T20,A25,A24,4.0,0.7075438767461496,关键词:教育；摘要:教育,0.0647746194334105,-0.0889723089560747,0.7822222222222223,A24,False,False,False,medium,high,medium
ZH_0578,基于敏感气温空间分布的度夏度冬日最大负荷预测与应用研究,"随着电气化率的提升，新型电力系统“双高双峰”特性愈发明显，准确预测度冬度夏日最大负荷对电力平衡安排、迎峰保电保供的重要性也更加突出。采用负荷分解理论，提出了基于敏感气温空间分布的夏季和冬季日最大负荷预测方法。利用社会发展因素，建立基础负荷与国内生产总值(gross domestic product,GDP)、居民消费价格指数(consumer price index,CPI)关联模型，为基础负荷的估算提供更客观、严谨的理论依据。根据各区域电网负荷占比识别重点分区，采用M-K(Mann-Kendall)检验确定分区敏感气温并统计各分区温变负荷范围，结合聚类分析方法构建分档位温变负荷预测模型。以国家电网有限公司经营区2021年度冬度夏日最大负荷预测为例，预测结果相比ARIMA(autoregressive integrated moving average)时序预测法、支持向量回归法(support vector regression,SVR)的结果更具优势。结合2022年度夏日最大负荷预测算例，进一步验证了所提方法和模型的有效性。","['日最大负荷预测', '基础负荷', '温变负荷', '敏感气温空间分布']",T35,T11,7.5,0.6577508084569609,标题:负荷预测；关键词:负荷预测；摘要:负荷预测,0.3408285166226684,0.241077203264006,0.98,T35,A09,A19,1.0,0.7268860817207538,摘要:CT,0.1610275631508137,0.0491862980053842,0.6755555555555555,A09,False,False,False,medium,high,medium
ZH_0598,当代中国人的文化认同,"文化认同是人们对于文化的倾向性共识与认可,包括文化形式认同、文化规范认同、文化价值认同三个层次。中国人的文化认同是中华民族安身立命之本,也是实现伟大复兴的文化心理基础。文化认同的本质是价值认同,对于文化认同的理论解释主要有发展心理学的个体发展观、社会心理学的社会认同理论、跨文化心理学的文化适应观以及政治心理学领域的意识形态观。当代中国人的文化认同具有鲜明的时代特点,表现为群际分化与多元化、中国传统文化认同回升、社会主义核心价值观认同强化、现代性色彩及全球化意识相伴随。从社会心理学视角来看,健全中国人的自我认同、坚守社会主义核心价值观、促进双文化认同整合、凸显""中国人""的身份角色是当代中国人文化认同健康发展的可行路径。","['文化认同', '自我', '中国人的文化认同', '社会主义核心价值观', '文化认同整合']",T10,T19,0.0,0.0012373582785985,,0.1356275621499626,0.0088382734185613,0.4813610941064584,T10,A04,A45,1.0,0.7223599193424549,摘要:心理,0.304498019517773,0.0168565667318207,0.6755555555555555,A04,False,False,False,needs_review,needs_review,medium
ZH_0601,郑州都市区镇域经济差异的空间分析,"以镇域为研究单元,以经济综合发展指数为测度指标,采用GIS空间分类、ESDA等空间分析技术,根据区域经济差异的相关理论,分析2006—2010年郑州都市区镇域经济空间格局变化特征。结果表明:经济空间格局总体呈""轴带+市区""的空间扩散态势;第一、第四级水平的乡镇变动幅度大,中等层级水平的乡镇变动不明显;经济发达地区和落后地区存在空间集聚效应,2006—2010年之间High-High区、Low-Low区分别增加6、7个,High-Low区由18个骤减至9个,Low-High区小幅减至14个,乡镇经济整体与局部协调发展的局面尚未形成。基于研究结果从区位条件、宏观政策、经济社会发展条件、中心城区的规模与竞争力等方面进行驱动因素分析,进而提出突出乡镇主导优势产业、实施差别化发展政策、加强集镇区规划建设、促进城乡一体化发展、提升中心城区竞争力等具体对策建议。","['经济差异', '空间格局', '镇域', '郑州都市区']",T48,T30,5.0,0.7400908215274248,摘要:GIS；关键词:空间格局；摘要:空间格局,0.2147572340577124,0.1435058680530342,0.8977777777777778,T48,A39,A48,1.0,0.7232112858825801,摘要:区域经济,0.1685355625012255,0.0229377563041432,0.6755555555555555,A39,False,False,False,medium,high,medium
ZH_0606,中国省级以上开发区空间分布特征及影响因素,"开发区作为塑造中国经济地理格局的重要力量,其空间布局的外部特征和内在机理亟待研究。运用最邻近点距离指数、核密度估计与地理探测器等方法,探究了中国2 527个省级以上开发区空间分布规律及其影响因素。研究表明:(1)开发区总体上呈""东密西疏""的空间分布特征,与""胡焕庸线""和三大自然区划高度耦合。(2)开发区在空间上具有以""城市群—中心城市""为依托的多核心连片集聚特征,且存在着显著的级别、类型异质性。(3)开发区整体空间分布是自然本底、经济因素和政策因素综合作用的结果,影响开发区空间分布的因子因开发区级别、类型不同而表现出一定的共性和差异性。城市劳动力资源和行政级别是影响开发区分布最为重要的因素;城市经济实力、信息化、地方政府竞争是次级核心因子。","['开发区', '空间集聚与优化', '地理探测器', '行政级别', '产业规模', '科技创新', '中国']",T48,T30,4.0,0.7381311646813845,关键词:地理探测器；摘要:地理探测器,0.281622924454908,0.1295083191527462,0.8422222222222222,T48,A40,A39,3.0,0.4767476479286811,关键词:科技创新,0.0717468631875313,-0.0232310862237064,0.7266666666666667,A39,False,False,False,medium,high,medium
ZH_0607,新时代我国妇女脱贫问题研究,"针对贫困地区妇女的扶贫工作是脱贫攻坚不可或缺的重要组成部分。妇女脱贫对于阻断贫困代际传递,增进妇女福祉,建设和谐幸福家庭具有至关重要的作用。2020年是全国贫困地区从脱贫走向振兴的关键节点,在此背景下,深入研究新时代妇女脱贫问题具有重要意义。文章首先指出了当前妇女脱贫面临的4个问题——乡村性别歧视,""数字鸿沟"",社会救助力量薄弱,以及扶贫工作中的性别意识欠缺。进而在介绍理论基础、国际妇女脱贫经验和国内妇女脱贫典型案例的基础上,提出4点建议:(1)将性别平等内化为乡村社会行为规范;(2)增加培训以弥合""数字鸿沟"";(3)提高家庭劳动社会化水平;(4)建设包容、弹性、可持续的妇女扶贫长效机制。","['妇女扶贫', '乡村振兴', '性别歧视', '数字鸿沟']",T28,T47,0.0,0.0072518334298205,,0.1371489845090426,0.0517988102130041,0.4879770167728026,T28,A42,A25,3.0,0.523355461575288,关键词:乡村振兴,0.3223575092705965,0.3096818683949141,0.7866666666666666,A42,False,False,False,needs_review,needs_review,medium
ZH_0623,产用融合——智能技术群驱动的第五制造范式,"到目前为止,制造范式演进经历了4个阶段:手工制造、大机器生产、流水线生产、大规模定制。通过对历次制造范式演进历史的分析和研究,文章提出一个相对固定的制造范式是在技术、社会环境、制造价值观和制度4个因素影响下塑造出来的。其中,技术只是构造制造范式内部结构的工具,具有多重可能性,但适应社会环境和满足制造价值观的需要使得只有一种制造的内部结构可以被称为制造范式。在基本制造范式形成的基础上,制度的作用在于使已经形成的范式得到巩固和优化。现在,全球范围内正在进入智能技术革命与产业革命交织发生的新时期,文章基于研究认为,基于智能技术群,将会形成一个被称为""产用融合""的新制造范式,它将是继大规模定制之后的第五制造范式。","['人工智能(AI)', '工业互联网', '制造范式', '产用融合']",T46,T17,0.0,0.0006034285748788,,0.1279476277608172,0.0043102041062774,0.4806637714323667,T46,A26,A43,3.0,0.7520316744548394,关键词:人工智能,0.5026364826843183,0.2287976746774255,0.7866666666666666,A26,False,False,False,needs_review,needs_review,medium
ZH_0625,背靠背型电力弹簧分段控制方法研究,背靠背型电力弹簧作为一种负载侧调压的装置，具有无需储能元件、成本低廉的优势，然而现有的控制方法没有充分利用它的运行域。以背靠背型电力弹簧为研究对象，建立了背靠背型电力弹簧多重工作点的数学模型。将电力弹簧的运行域分为了四个部分，并根据各运行域的特点提出相应的分段控制策略。分段控制增大了背靠背型电力弹簧的运行范围，使关键负载在系统电压波动时仍然可以在额定电压下运行，保证了系统的稳定性。通过PSCAD/EMTDC的仿真，证明了所提出的分段控制可以充分利用背靠背型电力弹簧的稳态工作点。,"['电力弹簧', '微电网', '稳定运行点', '调压', '分段控制']",T49,T14,1.0,0.028409671098058,摘要:控制策略,0.1880515236888573,0.2029262221289853,0.5668061937634195,T49,A33,A27,3.0,0.4814789439556617,关键词:微电网,0.06002829443476,0.0105638853975838,0.7266666666666667,A34,False,False,False,needs_review,needs_review,medium
ZH_0646,中国西南地区传统村落空间分布特征及其影响机理,"传统村落作为历史文化、民俗风情、建筑艺术的重要载体,是中国优秀传统文化的重要组成部分。以我国西南地区1 912个传统村落为案例,运用计量地理法与GIS空间分析探索传统村落空间分布特征及其影响机理。结果表明:(1)西南地区传统村落空间分布不均衡,区域差异明显,且逐渐形成滇西北、黔东南—黔东北、黔南和云南红河州四大高密度区。(2)地理探测器因子探测结果显示:自然环境的影响因子最强,地域文化次之,经济发展水平等人文社会因子影响力较弱;各影响因子间交互作用增强,且海拔高程、坡向和河流间两两交互的增强作用最为明显。(3)从影响机理来看,西南地区传统村落的形成演化是自然环境、社会经济和政策导向交互耦合作用的结果。自然环境因素是决定西南地区传统村落的空间结构和发展方向的""基石"",起着主导作用;人文社会因素是传统村落发展演化的内在驱动因素;政策导向是形成现有空间格局的外在动因。","['西南地区', '传统村落', '分布格局', '影响机理', '自然环境', '人文社会因素', '政策导向']",T48,T30,3.0,0.7373801245064162,摘要:GIS；摘要:空间格局；摘要:地理探测器,0.3061491376481283,0.1241437464744009,0.7866666666666666,T48,A39,A24,1.0,0.7220533484644203,摘要:区域差异,0.0727481046509114,0.0146667747458589,0.6755555555555555,A39,False,False,False,medium,high,medium
ZH_0649,现代农业科技助力马铃薯产业精准扶贫――中国科学院微生物研究所马铃薯产业科技扶贫实践与启示,"马铃薯是我国第四大农作物,其70%以上的产区分布在集中连片特殊困难地区。马铃薯种植是产业扶贫的重要抓手之一;促进马铃薯产业科技成果在贫困地区的转化,是以科技手段为新动力、实现精准扶贫的有效措施。当前,我国马铃薯产业发展升级面临脱毒种薯普及率低、病害严重、自然灾害频发等瓶颈问题。近年来,中国科学院微生物研究所联合院内多家单位,聚焦马铃薯脱毒种薯繁育、化肥农药高效利用及病虫害绿色防控等方面研究,并在贵州水城县及宁夏、内蒙古等地开展精准农技输出,助力产业扶贫,取得显著成效。文章系统梳理了马铃薯产业脱贫中存在的问题,总结了马铃薯绿色高效生产技术模式及其在科技精准扶贫中的应用,并围绕生产标准化、应用差异化、创新体系化,展望了未来的发展方向和工作重点。","['科技扶贫', '马铃薯产业脱贫', '精准脱贫']",T23,T09,0.0,0.0124764869087999,,0.1720811670764934,0.0891177636342857,0.49372413559968,T23,A42,A28,3.5,0.4954180452712576,标题:农业,0.0071096096158312,-0.1347690643889758,0.7544444444444445,A28,False,False,False,needs_review,needs_review,medium
ZH_0650,考虑多重不确定性的垃圾焚烧热电联产电厂日前鲁棒申报策略,垃圾焚烧电厂是处理固体废弃物的主要方式之一，并且越来越多的垃圾焚烧电厂具有热电联产模式，既可以在电力市场出售电能，又能为相邻区域供热。基于此，在考虑日前电力市场价格和固体废弃物来量不确定性的前提下，构建了垃圾焚烧热电联产电厂的两阶段鲁棒申报模型。该模型可以在最坏场景下保证垃圾焚烧热电联产电厂的预期收益最大化。为了对模型进行求解，引入Benders分解将该模型分解为易求解的主问题和子问题。最后，算例仿真结果表明，该模型可以帮助运营商制定经济合理的电能申报策略。并通过对比分析和敏感性分析验证了该模型的优越性与适用性。,"['垃圾焚烧电厂', '热电联产模式', '鲁棒优化', '申报策略', 'Benders分解']",T39,T38,3.0,0.7530327434453478,关键词:鲁棒优化,0.3629917388043361,0.2359481674667703,0.7866666666666666,T39,A36,A48,1.0,0.7458971598368225,摘要:电力市场,0.2760031467362649,0.1849797131201612,0.6755555555555555,A36,False,False,False,medium,high,medium
ZH_0665,生态工业园区述评,"生态工业园区 (EIP)是 2 1世纪新兴的工业组织模式 ,自提出后受到学术界和实业界的广泛关注。它强调园区成员的联系、合作和参与 ,通过物质、能量、信息等交流形成各成员相互受益的网络 ,并最终实现经济、社会和环境的协调共进。本文对EIP的理念和方法进行分析和述评 ,并提出我国工业组织改革的建议。","['生态工业园区', '废物流动', '网络']",T06,T43,0.0,-0.0091888657995146,,0.121793067248342,-0.0656347557108188,0.26,T43,A46,A24,3.0,0.7139326594932531,关键词:物流,0.1424649666568807,-0.0433381464767636,0.7266666666666667,A24,False,False,False,needs_review,needs_review,medium
ZH_0666,广东生态发展区生态补偿机制建设探讨,"参考国内外生态补偿机制的相关研究成果,针对广东生态发展区生态资源丰富、经济发展滞后、产业结构层次较低等基本情况,从理论角度、功能区划和科学发展观三方面分析建立生态补偿的必要性,从省政府角度、生态发展区角度、市政府角度和当地群众角度四方面,有针对性地提出广东生态发展区生态补偿机制建设对策。","['生态发展区', '生态补偿机制', '环境保护', '广东']",T46,T19,0.0,0.0025911653576595,,0.1869904560649052,0.0185083239832828,0.4828502818934255,T46,A43,A30,1.0,0.7209650470389621,摘要:产业结构,0.1207465948508347,0.0068931931354443,0.6755555555555555,A43,False,False,False,needs_review,needs_review,medium
ZH_0672,呼包银榆资源型经济区城市化与空间规划策略,"呼(和浩特)包(头)银(川)榆(林)经济区是我国西部地区资源型经济特征明显的重点发展经济区。以实证研究的方法,通过分析经济区资源环境约束下的城市化和空间布局特征与问题,指出经济区面临的发展困境是资源型工业化、城市化与生态环境脆弱之间的严重冲突。提出以动力多元化、集中式城市化、城镇与产业协同、资源开发利用与生态保护协调为核心的新型城市化发展战略,以及""适度开化、集聚布局、保护生态""的空间开发利用和保护基本策略。以强化空间功能区规划的空间政策管理、加强城市—工矿区空间集约利用规划机制,优化城市化空间组织,作为空间布局规划的战略思路和途径。","['资源环境', '城市化', '空间布局', '呼包银榆经济区']",T29,T19,0.0,0.003808738547804,,0.2078223114278624,0.0272052753414576,0.4841896124025844,T29,A44,A13,1.0,0.7243440113335944,摘要:生态保护,0.2648030299300056,0.0310286523828166,0.6755555555555555,A44,False,False,False,needs_review,needs_review,medium
ZH_0678,都市圈中观视角下的协同创新演化研究综述,"随着创新模式逐渐趋于创新要素集成化和行为主体协同化,协同创新成为重要的研究领域。文章综述了技术创新的演化轨迹和都市圈创新理论的发展脉络,从协同理论视角梳理和分析了都市圈协同创新的发展轨迹,重点从协同创新的阻制、协同要素构成、协同创新模式、协同程度测度、协同创新效应等方面探讨了其最新的研究动态和进展;最后,在评述已有研究的基础上提出了今后的研究重点和发展趋势。","['协同创新', '都市圈', '述评']",T06,T45,4.5,0.7452546150957767,标题:综述；摘要:综述,0.3789822353831262,0.1803901078269765,0.8699999999999999,T06,A40,A30,1.0,0.7383849991445047,摘要:技术创新,0.2633432306202837,0.131321422460748,0.6755555555555555,A40,False,False,False,medium,high,medium
ZH_0690,提升电网电压支撑强度的调相机优化配置方法,"大规模新能源接入电网后，新能源发电设备的弱支撑性导致接入电网电压支撑强度难以满足电网的安全稳定需求。通过配置调相机可以有效提升电网电压支撑强度，但是当前实际电网生产运行中，缺乏可行的调相机配置方法。为此，基于新能源多场站短路比(multiple renewable energy stations short circuit ratio,MRSCR)对电网电压支撑强度的量化评估作用，分析了调相机接入对MRSCR的影响，结果表明MRSCR最低的节点配置调相机对电网电压支撑强度提升效果最好。基于上述结论，提出了一种基于MRSCR的分布/集中式混合优化配置方案，可以通过接入总容量较少的调相机，显著提升新能源接入后的电网电压支撑强度。结合全电磁仿真计算和机电暂态仿真对典型算例的计算结果可知，基于提出的调相机配置方法，可以有效提升电网安全稳定性，且与传统配置方法相比，所需调相机总容量可显著降低。","['大规模新能源接入', '调相机配置', '电网电压支撑强度', '优化提升']",T37,T32,4.5,0.5549091481267874,标题:优化配置；摘要:优化配置,0.1345842149437972,-0.0363632276658039,0.8099999999999999,T29,A34,A09,1.0,0.7478947402663292,摘要:新能源发电,0.2872722214541761,0.1992481447594939,0.6755555555555555,A34,False,False,False,medium,high,medium
ZH_0693,我国实施精准扶贫的区域模式与可持续途径,"目前我国仍有超过7 000万的贫困人口,且区域分布广、贫困程度深。促进贫困地区的转型发展、贫困群体的生计改善,直接关系到2020年我国全面建成小康社会宏伟目标的实现。文章基于我国基本地理国情,深入探讨农村贫困问题的地域生成机制,梳理精准扶贫的区域模式,提出加快精准脱贫的可持续途径。研究认为,我国农村贫困发生机制和减贫的基本模式具有明显的区域性;""十三五""期间,精准扶贫应着眼于区域转型发展过程来着力破解贫困问题;需进一步完善精准扶贫的区域政策体系、产业政策体系、土地政策体系,着力建立和完善以区域发展助推贫困农户脱贫解困的传导机制。","['精准扶贫', '区域模式', '可持续途径', '区域发展']",T06,T24,0.0,0.0023367644438266,,0.0981684725891194,0.0166911745987616,0.4825704408882093,T06,A42,A24,2.0,0.7127294900541891,摘要:农村；摘要:农户,0.0319974072085727,-0.0519322138986495,0.6711111111111111,A24,False,False,False,needs_review,needs_review,medium
ZH_0707,美国科赫研究所开展融合科学的实践与启示,"当今世界,""融合科学""新范式为人类解决重大经济社会问题提供了机遇与挑战。机构层面如何推动""融合科学""及其要求的数据开放共享,是当前科技界共同关注的问题。美国麻省理工学院最早提出了""融合科学""新范式,也是最早以该新范式建立专门研究机构的典型。文章以美国麻省理工学院从事""融合科学""的科赫研究所(Koch Institute)为案例,归纳分析该研究所在推动数据公开和共享方面的制度安排,以及与推动""融合科学""相关的设施和工作环境、人才培养、经费投入、科研项目设置等机制建设,以期为机构层面落实""融合科学""新范式及数据开放共享提供借鉴。","['融合科学', '数据共享', '科赫研究所']",T29,T10,0.0,0.0073884409658892,,0.1431982923428388,0.0527745783277803,0.4881272850624781,T29,A25,A48,1.0,0.7227690312743876,摘要:人才培养,0.3280697726689209,0.0197787948170545,0.6755555555555555,A25,False,False,False,needs_review,needs_review,medium
ZH_0710,变化环境下城市暴雨致灾防御对策与建议,2021年7月20日，河南郑州发生特大暴雨，强度和范围突破历史记录，远超城乡防洪排涝能力，导致城市内涝、河流洪水、山洪滑坡等多灾并发，是一次造成重大人员伤亡和财产损失的特别重大自然灾害。放眼全国，谋划未来，建议：深刻认识气候变化和快速城市化对城市洪涝灾害防治的显著影响，提高变化环境下城市洪涝灾害风险意识；将防御洪涝作为确定城市建设空间规划的刚性约束，动态修订相关规划，加快构建城市防御洪涝灾害的工程体系；多措并举，科学提升城市防灾减灾与应急管理水平。,"['暴雨', '城市', '洪涝灾害', '工程体系', '应急管理']",T32,T19,0.0,0.0031119619489678,,0.1378822125016655,0.0222282996354845,0.4834231581438646,T32,A28,A51,3.0,0.762380695577296,摘要:气候；摘要:滑坡；摘要:自然灾害,0.5778054972028296,0.3027192541235426,0.7866666666666666,A28,False,False,False,needs_review,needs_review,medium
ZH_0722,基于地域差异分析的高等院校与科研院所科教协同发展研究,"基于教育部、中科院相关统计资料和ArcGIS空间分析技术,从区域、省域、市域3个空间尺度对全国""211工程""、""985工程""高等院校和中科院科研院所的地域分布差异进行分析,并对地域差异对比下高等院校与科研院所科教协同发展的创新模式和潜力空间进行探索和定位。结果得出211、985高等院校与中科院科研院所在不同空间尺度下具有较为明显的地区分布差异和关联指向,高等院校与科研院所的区域内强强联合发展、中科院所助力高等院校的区域内科教协同发展、高等院校与地方高校的区域内外联合发展是当前地域差异现实下实现高等院校与科研院所协同创新、共同发展的重要模式和内容。","['高等学校', '科研院所', '协同创新', '地域差异', '2011计划', '中国']",T48,T30,2.0,0.7420820246730163,摘要:ArcGIS；摘要:GIS,0.2801962122875283,0.157728747664402,0.731111111111111,T48,A25,A39,1.0,0.7295312801605373,摘要:教育,0.2557483952191416,0.068080572575266,0.6755555555555555,A25,False,False,False,medium,medium,medium
ZH_0737,中国化肥消费强度变化驱动效应时空差异与影响因素解析,"采用2004—2011年31个省(市、区)的数据,对中国化肥消费强度变化的驱动效应进行了测度和时空差异比较,并进一步对影响化肥消费强度变化的因素进行了实证分析。结果表明:①2004—2011年,我国化肥消费强度呈显著上升趋势,农业生产结构调整和化肥利用效率变动共同推动了化肥消费强度的增加,且化肥利用效率贡献率高于结构调整贡献率。②不同地区化肥消费强度变化的驱动效应不同。结构调整效应负向驱动地区多位于我国东部地区,效率效应负向驱动地区多位于我国西部地区。③经济发展水平、农业产业结构、人均耕地规模、技术进步、上一期化肥消费强度、城市化发展水平和耕地质量等因素对化肥消费强度产生重要影响。","['化肥消费强度', '驱动效应', '因素分解', '时空差异', '中国']",T18,T33,0.0,0.0007116102070997,,0.0737501767460358,0.0050829300507125,0.4807827712278097,T18,A42,A43,2.0,0.343729788821112,摘要:农业；摘要:耕地,0.0405623856981388,-0.1162157941349136,0.6711111111111111,A43,False,False,False,needs_review,needs_review,medium
ZH_0743,欧盟一体化与经济增长趋同性研究,"欧盟是当今一体化程度最高的区域组织,但伴随着成员国数量的不断增加、区域范围的不断扩张,减小区域内经济差距成为欧盟一体化的重要任务。选取欧盟为研究对象,基于欧盟统计局(Eurostat)的面板数据,运用σ检验与β检验方法测度1993年以来欧盟成员国经济增长的趋同效应。结果表明,1994—2007年σ趋同和1998—2007年的β趋同效应明显,其中β检验表明EU-27国的人均产出以每年1.27%的速度趋同,但欧洲非欧盟国家与欧盟国家不存在趋同,此外成员国之间制度、科技、贸易与投资等全方位的一体化是促进经济增长趋同的主要原因。","['欧盟', '成员国', '区域', '增长趋同']",T42,T20,1.0,0.7316349505746881,摘要:面板数据,0.1915557434584651,0.0831067898192007,0.6755555555555555,T42,A50,A48,2.0,0.7103690706697656,摘要:投资；摘要:贸易,0.0273548260995487,-0.068792352358816,0.6711111111111111,A48,False,False,False,medium,medium,medium
ZH_0744,面向生物合成的代谢工程策略设计,"代谢工程研究的主要目的是通过改造菌株代谢网络,高效地合成目的产品。由于细胞代谢网络的复杂性,从数千个代谢反应及其调控回路中找到合适的改造靶点非常困难,往往要经过反复试差才能成功。通过对大规模代谢网络的计算分析,设计出特定生物产品的最优合成途径,可以帮助人们找出合适的代谢工程改造策略,减少改造过程的盲目性,更快更好地得到生物合成菌株。文章重点讨论两个问题:(1)如何设计代谢网络来合成原来不能合成的产品并提高产品得率,介绍了基于代谢网络计算分析的代谢工程设计方法;(2)如何设计菌株实现酶反应的精准调控,介绍了通过设计基因回路动态调控代谢途径流向的动态代谢工程研究新进展。","['计算设计', '代谢工程', '生物合成', '动态调控', '代谢网络', '合成生物学']",T12,T32,7.5,0.6285292947006755,标题:合成；关键词:合成；摘要:合成,0.2652684669589332,0.0323521050048256,0.94,T23,A22,A07,1.0,0.7668476020738196,摘要:基因,0.6000966257864092,0.3346257290987119,0.6755555555555555,A22,False,False,False,medium,high,medium
ZH_0754,新疆煤化工发展中产业生态系统的构建,"在分析新疆煤化工产业发展现状及存在问题的基础上,根据产业生态系统的内涵及构建原则,指出发展煤化工必须全面考虑产业系统因素、资源环境因素及技术、信息等支持系统因素,强调构建产业生态系统是获得煤化工产业可持续发展的必然选择;结合新疆的区情特点,提出新疆煤化工产业生态系统的初步构建思路,内容涉及系统要素、构建层次和产业链设计等方面。","['产业生态系统', '煤化工产业', '新疆']",T47,T25,0.0,0.0024077412552161,,0.0858976736193501,0.0171981518229722,0.4826485153807377,T47,A43,A09,1.0,0.7385077907411858,摘要:产业链,0.2313923553152659,0.1321985052941842,0.6755555555555555,A43,False,False,False,needs_review,needs_review,medium
ZH_0757,考虑直接负荷控制与风电不确定性的输电网扩展规划,"需求响应项目的推广以及风电并网后电源侧出力的不确定性,给电力系统的输电网规划带来了新的机遇和挑战。为利用需求响应减少建线投资,建立了考虑直接负荷控制参与N?1预想故障潮流调整的输电网规划模型。采用基于历史数据凸包顶点的极限场景法处理风电不确定性,保证所建立的输电网规划模型为易于求解的混合整数规划问题。结合实际工程参数,基于改进的IEEE24节点系统进行仿真。仿真结果体现了直接负荷控制在缓解潮流越限、减少建线成本方面的作用,说明需求响应措施在保证系统运行安全性的前提下能够提高规划经济性,通过调整凸包范围能够有效调节所提模型的经济性与鲁棒性。","['输电网规划', '需求响应', '预想故障', '极限场景法', '混合整数线性规划']",T37,T39,4.0,0.7715717231502205,关键词:混合整数；摘要:混合整数,0.4872779583737488,0.3683694510730033,0.8422222222222222,T37,A36,A32,4.0,-0.3025483655923353,关键词:需求响应；摘要:需求响应,0.2714868211854938,0.2389402457690334,0.7022222222222223,A36,False,False,False,medium,high,medium
ZH_0767,中原经济区县域交通优势度与区域经济空间耦合,"从路网密度、可达性和区位优势度三方面构建交通优势度评价指标体系对中原经济区2008年县域交通优势度进行评价与比较;并在中原经济区县域经济发展水平评价的基础上,对交通优势度与县域经济的耦合及协调度进行测度,并进行耦合—协调类型区划分。中原经济区交通优势度区域差异突出,呈现出以郑州为中心向外围递减的圈层状空间格局;县域经济水平西北部高于东南部,山区资源县高于平原农业县;虽然各县市交通优势度与经济发展水平耦合度均较高,但大多数县市处于中度协调或勉强协调状态;绝大多数县市交通超前发展,仅西北部边缘县市交通对区域发展的支撑能力不足;中原经济区应充分依托现有的交通支撑优势,加快推进县域经济发展,实现经济与交通的协调发展。","['交通优势度', '县域经济', '空间耦合', '中原经济区']",T41,T48,1.0,0.0041615082743596,摘要:指标体系,0.0385725517606276,0.0297250591025688,0.4801332146573511,T21,A39,A46,4.5,-0.327010961598333,标题:区域经济；摘要:区域差异,0.16765965794545,0.0843754843816549,0.73,A39,False,False,False,needs_review,needs_review,medium
ZH_0768,多功能并网变换器容量优化控制策略,"随着""双高""电力系统的发展,并网环境呈现薄弱、复杂态势。电网阻抗的存在使得并网点容易受谐波干扰及无功功率波动的影响,恶化并网电能质量,影响并网变换器友好并网,仅以有功功率为传输目标的传统并网变换器已难以适应上述工况。基于现状提出一种具有谐波抑制功能的光伏逆变器控制策略。指令电流由谐波检测环节和直流侧稳压控制环节组成,根据广义瞬时无功理论检测出并网电流的瞬时有功分量、基波正序无功分量、谐波分量,通过电流跟踪控制环节实现光伏逆变器的抑制谐波、无功补偿的功能。随后,考虑实况中逆变器容量有限,提出一种基于复合功能光伏逆变器的容量匹配策略,设计匹配系数。考虑并网变换器的外特性及实际工况中的谐波特性,以输出有功功率、谐波抑制控制效果为最优控制级,无功补偿控制效果为次优级进行策略的设计。最后,进行仿真案例验证当光伏逆变器在正常并网运行时可以抑制并网点谐波电流,并最大程度的补偿无功功率,极大改善了并网点的电能质量,提高了逆变器的利用率,增强了并网变换器面向复杂并网工况时的鲁棒性。仿真结果验证了所提策略的有效性和可行性。","['光伏逆变器', '控制策略', '谐波抑制', '无功补偿', '容量匹配']",T49,T38,7.5,0.7418180781717033,标题:控制策略；关键词:控制策略；摘要:控制策略,0.2282451815020723,0.1558434155121671,0.98,T49,A38,A34,4.0,0.0480788069843223,关键词:逆变器；摘要:逆变器,0.3771992523464484,0.3434200498880163,0.7551089099049768,A38,False,False,False,medium,high,medium
ZH_0775,流视角下中国铁路交通联系空间模拟与格局解析,"基于""流空间""视角,借助GIS空间分析法,建立交互式的空间联系网络,对近域联系下城市间交通联系进行空间趋近模拟,深度解析全国铁路交通联系的空间分布与集聚格局。通过对列车运营线路上各城市间的近域联系路径进行空间选取和逐次连接,采取类似""裁弯取直""式的空间趋近模拟方法,完整模拟出各车次列车的运营路线,实现对铁路交通实际运营路径的空间刻画。基于7 000余车次的巨量客运数据,构建了全国地级城市间交互式的铁路客运空间联系网络,进而清晰展现了全国铁路客运联系空间分布与区域集聚图景。研究显示,全国铁路交通联系以纵横向铁路主通道为基本骨架,以国家及区域中心城市为联系核心,以各级城市群为主要联系方向。长三角、京津冀、珠三角城市群形成高铁时代""三群鼎立""这一基本空间架构,但高铁发展依然呈现以京广线为界""西冷东热""的空间分布态势。细分车次类型来看,全国铁路交通联系基本格局是以普速列车为本底,K字头列车为框架,G字头高铁为骨架,高速铁路为主通道,高铁与动车互相补充,高速与普速协同发展。","['铁路交通', '客运', '流空间', '空间模拟', '空间联系', '大数据']",T48,T15,1.0,0.728597353576578,摘要:GIS,0.2295640555899337,0.0614096684041279,0.6755555555555555,T48,A39,A46,4.0,-0.5115597454824298,摘要:城市群；摘要:长三角；摘要:京津冀；摘要:珠三角,0.3387068334402313,0.2031446751255018,0.7022222222222223,A39,False,False,False,medium,medium,medium
ZH_0801,拓展新时期拉美科技合作——以中国科学院对拉美地区科技合作为例,"拉美地区因其独特的地缘位置、自然资源优势及相对开放灵活的政策环境,正逐渐成为国际上重要的科技创新区域。近年来,中拉合作关系热度持续升高。文章以文献计量为基础,对拉美科技发展现状、世界各国对拉美科技合作情况以及中国科学院与该地区国家合作情况进行分析,基于固有合作基础,探讨未来对拉合作的建议思路及举措。","['科技合作', '拉美地区', '中国科学院']",T45,T31,1.0,0.7331079748455012,摘要:文献计量,0.1756321909398995,0.0936283917535793,0.6755555555555555,T45,A40,A48,1.0,0.7202417504203408,摘要:科技创新,0.1138102620040113,0.0017267887167198,0.6755555555555555,A40,False,False,False,medium,medium,medium
ZH_0808,一种基于饱和铁心型超导限流器的混合直流限流电路的研究,基于电压源型换流器的高压直流输电系统的故障电流幅值大、上升速度快，现有直流断路器的故障电流开断容量和开断速度受到很大挑战。提出一种基于饱和铁心型超导限流器的混合直流限流电路，利用饱和铁心型超导限流器及限流电阻共同作用实现阻感复合限流，并借助吸能电阻达到加速故障电流清除、缓解直流断路器开断压力的目的。根据直流故障暂态特性，结合该混合直流限流电路与混合式直流断路器的配合策略，分阶段对该混合直流限流电路的工作原理进行理论解析。通过数学推导给出所提混合直流限流电路的参数设计原则。最后，在PSCAD/EMTDC仿真平台中对所提混合直流限流电路的原理正确性和功能有效性进行验证。结果表明，所提混合直流限流电路能有效抑制故障电流、缩短故障线路隔离时间、减少避雷器吸能并能实现饱和铁心型超导限流器快速恢复。,"['直流故障', '混合直流限流电路', '饱和铁心型超导限流器', '直流断路器', '阻感限流效果']",T14,T47,1.0,-0.0104443598642511,摘要:PSCAD,0.0172244333095634,-0.0746025704589368,0.4755555555555555,T47,A32,A27,2.0,0.3781079610005949,摘要:高压直流；摘要:换流器,0.1530234110328889,0.1293425785756783,0.731111111111111,A32,False,False,False,needs_review,needs_review,medium
ZH_0812,基于NRCA的中国省际能源利用评价研究,"利用历年中国能源统计年鉴相关数据,运用NRCA计算各地区各部门能源资源利用的规模、效益优势指数和比较优势度,经分类时空分异分析提出:人口、能源资源禀赋、经济发展水平及用能效率是中国生产用能比较优势的驱动因子;城市化发展水平是生活用能比较优势的主要影响因素。此外,农业用能优势区域为四川、湖北、安徽、广西、云南、海南和吉林等地;工业用能的规模优势区域主要分布在河北、山西、河南和江苏等地;建筑业用能优势区域主要分布在黑龙江、河南和江西等地区。第三产业用能优势区域主要分布在长江中游地区和东部沿海地带。分析结果证实了NRCA在能源资源优势评价的可行性。","['能源利用', '比较优势', '区域差异', '中国']",T17,T19,0.0,0.0023949645631233,,0.1268709384909118,0.0171068897365955,0.4826344610194357,T17,A39,A51,3.0,0.4407503205593568,关键词:区域差异,0.0764512915523932,-0.2803548531474518,0.7266666666666667,A51,False,False,False,needs_review,needs_review,medium
ZH_0828,考虑需求响应及调频性能变化的虚拟电厂日前投标策略,随着分布式可再生能源装机容量在电力系统中占比的增大，新能源发电应当承担相应的二次调频任务，而虚拟电厂是分布式电源参与电力市场的重要途径。首先，提出了由分布式风电和电动汽车、空调负荷等广义储能组成的虚拟电厂参与能量-调频联合市场的运行机制。然后，建立广义储能受价格驱动的需求响应模型。为了提前对虚拟电厂调频性能进行预估，引入虚拟电厂调频性能指标。提出考虑需求响应及虚拟电厂调频性能指标的日前投标鲁棒优化策略。最后，通过算例探讨了需求响应模型参数变化对用户及虚拟电厂收益的影响。结果表明，所提虚拟电厂运行机制不仅可以有效提高虚拟电厂综合收益，而且使得虚拟电厂提供优质的调频服务。,"['虚拟电厂', '广义储能', '需求响应', '调频性能指标', '动态估值', '鲁棒优化']",T39,T27,4.0,0.7472256287517276,关键词:鲁棒优化；摘要:鲁棒优化,0.2633169384276047,0.1944687767980548,0.8422222222222222,T39,A35,A36,5.0,-0.3253340735822814,关键词:储能；摘要:储能；摘要:电动汽车,0.1250412669395112,-0.2061677524784809,0.6977777777777778,A36,False,False,False,medium,high,medium
ZH_0829,中国自然地理区划的探索者和经济地理的前行者——李万先生的学术生涯综述,"2014年6月12日,李万先生不幸病逝。他在60多年的学术生涯中,一直致力于自然区划与经济地理的研究与实践,在自然地理区划理论与区域经济战略方面卓有建树,是我国著名的地理学家。李万先生先后担任湖南省经济地理研究所所长、名誉所长、《经济地理》副主编多年,我们回顾他的学术生涯,探寻其学术思想,综述其重要的学术文献,记录他的学术贡献,给后人以启迪教益,也以此文纪念李万先生,并以飨读者。",[],T06,T05,4.5,0.7388075052282997,标题:综述；摘要:综述,0.3216223164614388,0.1343393230592839,0.8699999999999999,T06,A39,A28,1.0,0.7210721555473013,摘要:区域经济,0.0958902699121941,0.007658253909295,0.6755555555555555,A39,False,False,True,medium,high,medium
ZH_0834,基于县域的福建省经济空间格局演化,"以ESDA作为基本分析工具,探讨1990年代以来福建县域经济空间格局的演化。结果表明:总体空间格局上,经济发展呈较强的空间相关特征,即经济发展水平相似的地区集聚分布,但趋势在2009年有所下降;热点区域的整体空间格局存在一定程度的波动。经济增长空间格局仍具有较强空间关联特征,虽然热点区和冷点区切换快速,但切换具有明显的""轨迹"",即高值簇大致成圈层结构往内陆迁移,而低值簇则往沿海迁移。整个空间尺度上经济发展的差异在不断缩小,由随机成分引起的空间分异在不断下降,空间连续性和自组织性则较为显著,东—西方向空间差异较小,东北—西南方向的差异呈扩大趋势。作用于空间格局演化的驱动力表现在历史原因和区域经济政策两个方面。","['县域经济', '空间格局演化', '福建省']",T48,T34,8.5,0.7354534894918309,标题:空间格局；关键词:空间格局；摘要:空间格局；摘要:空间分异,0.1944464102913403,0.1103820677987921,0.98,T48,A39,A24,1.0,0.7270655763865632,摘要:区域经济,0.1399603080258339,0.0504684027611668,0.6755555555555555,A39,False,False,False,medium,high,medium
ZH_0841,天津市经济发展的重心空间演变及未来展望,"采用经济重心模型,借助Arc GIS技术手段,以天津市各区县GDP数据为基础,计算得出2005—2015年天津市经济重心空间演变轨迹。研究结果显示天津的经济重心演变以2009—2010年为界,分为两个阶段,先后经历了向东、西北、南及向北的转移。在结合天津的实际经济发展情况,将天津经济重心演变的原因概括为四点:一是天津市行政区划的调整;二是天津市自由贸易试验区等经济功能区的建立与发展;三是京津冀一体化发展的影响;四是2008年全球金融危机的冲击。最后,指出天津经济发展空间结构上存在的不均衡问题,并对天津市城市空间经济的未来发展提出建议与对策。","['经济重心', '城市经济格局', '空间分析', '演变轨迹', '天津']",T48,T42,1.0,0.7297602653359125,摘要:GIS,0.2499395904905437,0.0697161809708046,0.6755555555555555,T48,A50,A39,2.0,0.3551598268116452,摘要:金融；摘要:贸易,0.0539137097622313,-0.0345726656311051,0.6711111111111111,A05,False,False,False,medium,medium,medium
ZH_0847,广州市地铁TOD站域的空间类型分异——基于“节点—场所—联系”耦合度模型的研究,TOD是一种新城市主义下以城市公共交通为导向的城市发展模式。但是TOD的空间类型划分没有形成统一指标和方法，不利于TOD的规划实践，需要进一步研究探讨。文章整合了“节点—场所—联系”三维模型和耦合度模型，建立了评价TOD站域空间效能的评价指标体系，对广州市220个地铁TOD站域的空间效能进行定量测算，采用二阶聚类法进行分类，运用耦合协调度模型分析各类地铁TOD站域的协调度，结果显示：TOD站域空间类型可分为5类10型，其耦合协调度差异明显，TOD站域的发展存在空间不均衡现象。在类别上，TOD没有打破城市的核心—外围结构，但是从分型上看，在城市外围已经出现了潜在的重塑城市多核心结构的重要的地铁TOD站域。文章将TOD的内涵和5D规划原则转化可计算指标，基于多源数据实现了TOD站域尺度的相对精确的定量计算，提出了运用三维模型和耦合度模型的两级分类策略。,"['TOD站域', '地铁“', '节点—场所—联系”耦合度模型', '空间效能评价', '公共交通', '圈层结构']",T44,T41,1.0,0.0450301438102186,摘要:耦合协调度,0.5095448000187985,0.321643884358704,0.5850887137467959,T44,A46,A39,4.0,0.7124955590554186,关键词:交通；摘要:交通,0.026409464120559,-0.0536031496041524,0.7822222222222223,A39,False,False,False,needs_review,needs_review,medium
ZH_0850,我国北方地区清洁供暖技术现状与问题探讨,"近年来,我国北方地区雾霾天气频发,京津冀地区尤为严重。受经济成本、取暖模式等诸多因素影响,短期内燃烧化石能源仍为北方地区冬季取暖的主要形式。推进我国北方地区冬季清洁取暖工作是中央提出的一项重要战略部署。文章回顾了区域供热技术发展的大致历程,介绍了近10年来国家相关的供热政策,详细比对分析了我国北方现有各项清洁供暖技术的优劣,包括:清洁燃煤供暖、天然气供暖、电制热供暖、地热供暖、生物质能清洁供暖、太阳能供暖、工业余热供暖、核能供暖等,最后对清洁供暖领域存在的关键共性问题进行了深入剖析,并探讨解决路径。为推进我国北方地区清洁取暖工作的可持续发展,建议今后围绕3个方面重点开展工作:(1)逐步建立清洁取暖科学评价体系,从全生命周期角度主要考量能效指标、经济指标和环境影响指标等性能参数;(2)有序推进供热管网节能改造和采暖末端能效提升,逐步健全现有供热系统评价体系,对于供热管网先评估后改造,逐一突破;(3)积极探索多方共赢长效机制,注重顶层设计与协调,加强区域政策配套与完善。","['清洁取暖', '区域供热', '技术分析', '科学评价']",T06,T45,0.0,0.0015191661248478,,0.1403472728307532,0.0108511866060557,0.4816710827373325,T06,A39,A10,1.0,0.7204817523068048,摘要:京津冀,0.1099525094626291,0.003441087905749,0.6755555555555555,A39,False,False,False,needs_review,needs_review,medium
ZH_0854,基于GIS空间统计的县级商业布局模式及形成机理研究——以吉林省乾安县城为例,"在城市化快速发展背景下,城市商业布局模式创新成为城市空间变化的主要方面之一,并且在城市空间对外扩张和各种新要素的多重影响下,出现新的发展特征,形成基于传统但又有别于以往的商业布局模式。选择小尺度空间为研究对象,以区域购物流模型和GIS热点分析工具为定量研究手段,研究县城商业布局模式。研究认为,县城商业布局存在2种基本模式:以区域购物流强度为表征的交通——职能布局模式,以及由商业网点购物流强度的G统计值得出的圈层布局模式。2种布局模式相互叠加,则圈层布局模式将产生多职能中心与交通轴向的空间变异,形成变异圈层布局模式。在这一模式中,县城的商业空间划分成5个圈层和两个职能中心,并在各个圈层中都体现出商业空间向交通轴线集聚的倾向。进一步研究发现,市场、交通区位、消费空间差异性、社会关联作用是影响小尺度区域商业空间布局的主要因素。","['空间统计', '商业布局模式', '机理', '乾安']",T48,T13,4.5,0.6186713588538565,标题:GIS；摘要:GIS,0.4381299383387417,0.4190811346704028,0.8099999999999999,T30,A46,A41,2.0,0.3701738669777107,摘要:交通；摘要:物流,0.1006936112160229,0.0726704784122202,0.6711111111111111,A39,False,False,False,medium,high,medium
ZH_0860,创新社会及其政策导向,"创新不仅是一种""技术-经济""过程,同时也是一种""社会-文化""过程。对知识劳动者或创新创意阶层社会属性的高度关注,是""创新社会论""兴起的一个基本前提。文章分析了""创新社会论""兴起的4个认识基础,总结了全球一些代表性创新中心城市的社会共性特征,提出将人而不是技术置于创新政策制定的中心以及未来政策的导向。","['创新发展', '创新社会', '创新政策', '科技创新中心', '创新生态系统']",T43,T29,0.0,0.000997087511154,,0.1612719289607008,0.0071220536511002,0.4810967962622694,T43,A40,A24,3.0,0.7343662898535148,关键词:科技创新,0.3227449436264439,0.1026163560965345,0.7866666666666666,A40,False,False,False,needs_review,needs_review,medium
ZH_0878,基于CD-ESDA模型的中国产业用水增长质量的时空格局分析,"产业用水增长质量评价应该耦合水资源约束、经济增长、技术进步与结构变动等因素。在构建中国31个省、市、自治区产业用水变化的全要素分解模型的基础上,基于经济学中的边际思想,计算了1997—2007年中国各地区产业用水规模边际、技术边际与结构边际,并对其进行了时空分异分析。然后计算出中国各地区1997—2007年产业用水增长质量指数,以此来评价产业用水增长质量状况。最后运用空间自相关分析探讨中国产业用水增长质量的空间关联模式。结果表明:研究期内,中国产业用水增长质量总体和局部都呈现提高的态势,与各地区经济发展状况相吻合,产业用水增长质量的空间自相关显著,区域空间差异明显,有很大的提升空间。","['产业用水', '全要素分解模型', '增长质量指数', '空间自相关']",T48,T45,4.0,0.7508753096254015,关键词:空间自相关；摘要:空间自相关,0.3364507368433433,0.2205379258957251,0.8422222222222222,T48,A51,A43,1.0,0.721539580528239,摘要:水资源,0.0991556295681374,0.0109970037731356,0.6755555555555555,A51,False,False,False,medium,high,medium
ZH_0887,基于主体功能区划方法的长株潭城市群核心区交通优势度评价,"基于主体功能区划分的原理,以乡镇为评价单元,运用Arc GIS空间分析方法,在对公路网密度、交通干线影响度和区位优势度各单因素评价的基础上,对长株潭城市群核心区各评价单元的交通优势度做出评价。结果表明:长株潭核心区交通优势度呈现长沙市区""一主核"",株洲和湘潭""两次核"",并向外圈层依次递减的格局,且交通优势度与区域经济呈正相关。","['交通优势度', '评价', '主体功能区划', '长株潭']",T48,T21,1.0,0.7173591422200045,摘要:GIS,0.0548362728800049,-0.0188632698571097,0.6155555555555555,T21,A39,A46,5.5,-0.242072253890976,摘要:区域经济；标题:城市群；摘要:城市群,0.1410424786259134,0.0860385226274821,0.7855555555555556,A39,False,False,False,medium,medium,medium
ZH_0909,基于谐波电流比值的直流滤波器接地故障保护方案研究,"为提高高压直流输电系统中直流滤波器差动保护在发生接地故障时的可靠性,提出一种基于谐波电流比值的直流滤波器接地故障保护方案。直流滤波器发生接地故障后,其结构发生变化,从直流滤波器接地故障等效电路图出发,分析直流滤波器首端、尾端12次谐波电流及其比值的变化特性,发现故障前后谐波电流比值存在明显差异,因此利用谐波电流比值的明显变化来识别直流滤波器是否发生接地故障。基于PSCAD/EMTDC的仿真结果表明该保护方案可准确识别直流滤波器任意位置的接地故障,且不受直流滤波器结构的影响。","['直流滤波器', '高压电容器', '接地故障', '谐波电流比值']",T14,T27,1.0,-0.6291898687297736,摘要:PSCAD,0.0197052980480663,-0.0370704909269536,0.4755555555555555,T07,A32,A25,1.0,0.7366858271753033,摘要:高压直流,0.2074572672765989,0.1191844798235949,0.6755555555555555,A32,False,False,False,needs_review,needs_review,medium
ZH_0916,需求侧响应背景下分时电价研究与实践综述,"分时电价作为一种价格型需求响应方式,通过峰谷差价引导用户""削峰""与""填谷"",有效抑制负荷波动,提高社会效益,得到了广泛推广。总结国内外开展的TOU研究与实践。论述了基于电能成本和基于负荷响应的TOU价格决策模型,分析了需求侧响应背景下TOU价格制定与时段划分方法及其现状,并着重对用户响应行为分析方法进行了归类分析。总结了国内外TOU执行方式与范围,分析了实行TOU的成本与收益。最后在此基础上,讨论了TOU体系存在的不足,提出了开展TOU的建议与设想。","['分时电价', '时段划分', '用户响应行为', '执行方式与范围', '效益分析']",T06,T03,3.5,0.7312936043085753,标题:综述,0.1635074824757436,0.0806686022041093,0.8144444444444445,T06,A36,A30,1.0,0.7475101719180315,摘要:需求响应,0.3252420961093972,0.1965012279859394,0.6755555555555555,A36,False,False,False,medium,high,medium
ZH_0917,一种新型超导直流故障限流器,"与用于交流系统或双极直流系统的限流器不同,用于多端柔性直流系统的故障限流装置应能够在短路故障发生初期有效抑制故障电流的快速上升,避免在线路断路器动作之前换流器桥臂闭锁。针对这一性能要求提出了一种专门用于多端柔性直流电网中的新型超导故障限流器的基本结构和工作原理,并制作了原理验证样机。通过对原理验证样机开展的一系列实验,证明了设计结构与原理的可行性。实验结果也充分展示了这类限流器的功能特性,如其能充分利用铁芯的最大磁导率在短路故障发生的几个毫秒内实现最大限流感抗,从而有效抑制故障早期的短路电流上升率。此外,可以通过对超导隔离环组数量的调整,设定限流器的限流阈值,灵活适应不同直流系统的限流需求。","['超导', '限流器', '直流电网', '限流阈值', '短路故障']",T17,T15,1.0,0.7219683204041782,摘要:样机,0.1520163189598133,0.0140594314584165,0.6755555555555555,T17,A32,A37,2.0,0.748968868099722,摘要:换流器；摘要:柔性直流,0.27310685300364,0.2069204864265856,0.731111111111111,A32,False,False,False,medium,medium,medium
ZH_0929,中国东部沿海地区经济空间格局变化,"采用标准差椭圆和标准距离方法,定量识别并以空间可视化的方式精细地刻画2003—2011年国内外复杂背景下的我国东部沿海地区经济空间格局时间变化特征。结果表明:2003—2011年沿海地区经济空间分布呈现向西移动,且空间扩张的趋势;国内市场的聚集经济作用在增强;长三角地区以及山东省北部主要城市对沿海地区经济的影响作用减弱,京津地区、珠三角地区经济的拉动作用增强;沿海地区经济空间格局演化与全国经济空间格局变化时序波动相吻合,很大程度上影响着全国经济空间格局的变化。","['经济空间格局', '标准差椭圆', '标准距离', '中国沿海地区']",T48,T07,7.5,0.7214836376327665,标题:空间格局；关键词:空间格局；摘要:空间格局,0.1093122653354577,0.0105974116626172,0.98,T48,A39,A07,2.0,0.7197610180532317,摘要:长三角；摘要:珠三角,0.0558346995937899,-0.001707013905488,0.6711111111111111,A07,False,False,False,medium,high,medium
ZH_0933,适配柔直系统快速性及可靠性需求的雷击干扰识别方法,直流线路遭受雷击干扰易导致行波保护等灵敏性较高的主保护误动作。在主保护动作前，可靠区分雷击干扰和短路故障将有效提高主保护的安全性，保障直流系统的安全稳定运行。但对于柔直系统而言，现有雷击干扰识别方法动作速度不足，难以在主保护动作之前判定雷击/故障性质，且在因数据传输异常或噪声干扰条件下出现远偏离实际值的坏数据时，动作性能有待进一步提升。为此，提出了一种具有足够速动性及安全性的雷击干扰识别方法。首先揭示了反向线模电压行波的特征。然后根据所揭示的特征分别提出了基于小波熵相对变化率识别算法的判据以及一种结合中值滤波的线性拟合函数一次项系数大小的判据，二者协同工作实现不同雷击及故障叠加场景下雷击非故障场景的识别与主保护的闭锁，从而有效增强主保护的安全性。基于PSCAD/EMTDC的仿真结果表明，在短至1 ms的时窗内即可在全线范围内完成对雷击干扰的辨识，并具有良好的抗坏数据干扰能力。,"['雷击识别', '柔性直流系统', '小波熵', '中值滤波', '线性拟合']",T14,T27,1.0,-0.5548154794964938,摘要:PSCAD,-0.0157731267187405,-0.105824853546384,0.4755555555555555,T34,A32,A09,3.0,0.7240871764484347,关键词:柔性直流,0.1491463678054011,0.029194117488819,0.7866666666666666,A32,False,False,False,needs_review,needs_review,medium
ZH_0937,计及主设备时变状态的变电站短时风险评估方法,"传统的变电站风险评估以主设备年平均故障率计算主接线可靠性,不能反映设备时变故障风险及其对负荷点供电的影响。将主设备的运行风险考虑为设备自身状态和外部运行气象环境方面因素的影响,以比例风险模型量化设备运行风险。考虑到基于故障树的设备状态评分的分散性较大,不同部件故障对设备故障停运的影响程度不一样,建立了基于层次分析法的设备状态模糊综合评价方法。在此基础上,以电源进线到负荷点之间的连通性为风险量化指标,建立了计及供电连通性的变电站风险评估模型。以IEEE-RTS79系统的变电站为测试对象,对所提方法的效果进行验证。算例表明:主设备在不同场景下的故障率对变电站风险评估结果影响较大,验证了短时风险评估的必要性和所提方法的可行性。","['变电站', '短时风险评估', '比例风险模型', '天气条件', '状态评价']",T41,T30,2.0,-0.5642935479703858,摘要:综合评价；摘要:层次分析法,0.2086959004919173,-0.2592396283598985,0.5311111111111111,T30,A37,A15,3.0,0.7615974436435642,关键词:状态评价,0.3547999596357121,0.2971245974540299,0.7866666666666666,A37,False,False,False,needs_review,needs_review,medium
ZH_0963,基于零和博弈的电力系统鲁棒优化调度研究,随着多种分布式能源的规模化接入，其固有的随机特性及多方利益冲突问题给电力系统调度决策带来了新的挑战。为此，深度融合鲁棒优化与零和博弈机制，分别将大自然与电力调度人员作为博弈参与方，提出了一种考虑调度人员与大自然博弈的电力系统鲁棒调度协同规划方法。其中，针对电动汽车移动与储能属性耦合的不确定性，将其交通行为进行集群化处理。进而基于电动汽车、风电、火电机组的出力及运行费用特性，建立含多种能源形式的min-max调度博弈模型，并采用两阶段松弛算法进行求解。实验结果验证了所提调度模型及相关调度策略在不依赖准确风电预测的同时，能实现风、车等能源的协同增效经济运行，为解决不确定分布式能源接入电力系统的优化决策问题提供了新的研究思路。,"['电力调度', '零和博弈', '鲁棒优化', 'min-max模型', '分布式能源']",T39,T37,7.5,0.3892564622046682,标题:鲁棒优化；关键词:鲁棒优化；摘要:鲁棒优化,0.222516957516407,0.0375461586047729,0.94,T38,A35,A34,2.0,0.3784665696573795,摘要:储能；摘要:电动汽车,0.3100180734497565,0.1319040689812826,0.731111111111111,A35,False,False,False,medium,high,medium
ZH_0964,一种直流微电网多光伏变换器新型功率分配策略,为了解决光伏单元在运行过程中因工作模式切换造成的母线电压波动问题，提出一种新型平滑切换控制策略。根据光伏电池的输出特性曲线，将输出功率对输出电流的微分作为控制变量。通过跟踪不同的dp/di指令值来实现光伏单元最大功率点跟踪模式、恒压下垂模式的控制以及两种模式间的平滑切换。在此基础上，针对多光伏变换器工作在恒压下垂控制时因线路阻抗差异造成功率分配精度较低的问题，提出一种基于二次调节的自适应下垂控制策略。此外，构建相邻光伏单元间的稀疏通信网络，并采用动态一致性算法实现相关平均信息的全局稳定收敛。仿真和实验结果表明，所提控制策略可以实现光伏单元工作模式切换过程平滑过渡和负荷功率的精确分配。,"['直流微电网', '多光伏变换器', '平滑切换', '自适应下垂控制', '功率分配', '动态一致性算法']",T49,T20,5.0,0.7414786517525733,摘要:控制策略；关键词:下垂控制；摘要:下垂控制,0.2344311502695498,0.1534189410898094,0.8977777777777778,T49,A33,A34,6.5,-0.0961801083808633,标题:微电网；关键词:微电网,0.0534576497914646,-0.0012864884347381,0.7811111111111111,A38,False,False,False,medium,high,medium
ZH_0972,中国牧草产业地理集聚特征及影响因素,"种植牧草是当前中国种植业结构调整的有效途径,发展牧草产业是推进中国农业供给侧结构性调整和""粮改饲""工作的重要举措。文章运用区位基尼系数、产业集中率、空间自相关分析和空间面板计量模型的方法,对2001—2015年中国牧草产业地理集聚特征及其影响因素进行定量分析。研究表明:中国牧草产业地理集聚特征显著,整体上呈现出先波动下降后急剧上升的特征,7种牧草的地理集聚程度都非常高;牧草产业向""三北一南""区域集聚的趋势愈加明显,在省域尺度上空间地理集聚的程度也逐渐增强,其地理集聚的高—高(H-H)聚集区省份变化不大,而低—低(L-L)聚集区省份在东南部则有显著的增加。实证研究表明牧草比较收益、生产性土地面积比重、草食家畜养殖量、机械化水平和政策是影响牧草产业地理集聚的主要因素。","['农业', '供给侧结构性改革', '牧草产业', '地理集聚', '时空特征', '中国']",T48,T42,1.0,0.0116690614665823,摘要:空间自相关,0.1482820691687375,0.0833504390470165,0.548391523168796,T48,A42,A23,4.0,0.7087601366161607,关键词:农业；摘要:农业,0.0268100236547118,-0.0802847384559947,0.7822222222222223,A23,False,False,False,needs_review,needs_review,medium
ZH_0977,关于长江三角洲地区推进稻田退水零直排工程建设的建议,"长江三角洲(以下简称""长三角"")是我国重要商品粮基地,但近年来农业面源污染问题日益突出。文章结合实地调查、政策解析、工程设计、效益评估等方式,提出了关于推进我国长三角地区稻田退水零直排工程建设的建议,明确了稻田退水零直排工程建设的政策适应性,以及长三角地区实施稻田退水零直排的重要性,对稻田退水零直排工程建设的基本原则、设计要求、模式选择与投资成本、可预期的生态经济效益进行了全面分析,以期为我国面源污染防治与农业绿色优质发展提供决策支持。","['农业废水', '生态工程', '面源污染', '稻田', '零直排']",T32,T17,1.0,0.7188482475938449,摘要:工程设计,0.1960274202293785,-0.0082268029011079,0.6155555555555555,T17,A42,A13,4.0,0.1790408800576637,关键词:农业；摘要:农业,0.1184878956195465,-0.0068508567309731,0.7822222222222223,A19,False,False,False,medium,medium,medium
ZH_0982,美国技术政策的演变,"文章考察二战以来美国技术政策的演变过程,阐明对各个阶段技术政策发展的动力、目标和特点。文章指出冷战时期美国技术政策隐含在科学政策中,冷战前夕美国明确提出技术政策,并在冷战后得到发展。文章把美国技术政策发展的决定因素总结为国内因素、国际环境和科学技术特点,并对美国技术政策发展的未来做了分析。","['美国技术政策', '先进技术计划(ATP)', '技术创新计划(TIP)', '国家纳米技术倡议(NNI)', '没有止境的边疆法案']",T21,T46,0.0,0.0055252729227867,,0.2243886935654173,0.0394662351627623,0.4860778002150654,T21,A40,A24,3.0,0.7318768555247096,关键词:技术创新,0.2065884644027294,0.0848346823193544,0.7866666666666666,A40,False,False,False,needs_review,needs_review,medium
ZH_0996,黑龙江省八五三农场高标准基本农田建设时序分析,"以黑龙江省八五三农场为例,选取耕地田块为评价单元,对研究区耕地的综合质量和农田建设难度进行评价,并在此基础上对研究区高标准基本农田建设时序进行决策,划分为Ⅰ、Ⅱ、Ⅲ期。结果表明:研究区耕地综合质量等级整体较高,受地形地貌的影响而呈现出一定的地域分布规律;农田建设难度则基本以居民点为中心,形成""中心—外围""的圈层空间分布规律;Ⅰ区耕地基本符合高标准基本农田的要求,Ⅱ区是高标准基本农田建设重点区域,Ⅲ区农田基础差、建设难度大。该研究过程和方法可为垦区高标准基本农田建设和乡镇土地整治提供科学参考。","['高标准基本农田', '时序', '土地整治', '八五三农场', '垦区']",T07,T29,0.0,0.0001733238818101,,0.1067040443804032,0.0012380277272151,0.4801906562699911,T07,A42,A03,1.0,0.7354286355014944,摘要:耕地,0.2278688038910783,0.1102045392963883,0.6755555555555555,A42,False,False,False,needs_review,needs_review,medium
