document_id,language,axis,parent_category_id,topic_id,topic_similarity,source_quality
ZH_0053,zh,technical,T06,TR-T06-ZH-001,0.2429,high
ZH_0103,zh,technical,T06,TR-T06-ZH-001,0.223,medium
ZH_0124,zh,technical,T06,TR-T06-ZH-001,0.2296,high
ZH_0141,zh,technical,T06,TR-T06-ZH-001,0.2658,high
ZH_0143,zh,technical,T06,TR-T06-ZH-001,0.263,high
ZH_0159,zh,technical,T06,TR-T06-ZH-001,0.2428,high
ZH_0184,zh,technical,T06,TR-T06-ZH-001,0.2383,high
ZH_0310,zh,technical,T06,TR-T06-ZH-001,0.2221,high
ZH_0323,zh,technical,T06,TR-T06-ZH-001,0.2336,medium
ZH_0506,zh,technical,T06,TR-T06-ZH-001,0.2322,high
ZH_0535,zh,technical,T06,TR-T06-ZH-001,0.2544,high
ZH_0584,zh,technical,T06,TR-T06-ZH-001,0.2234,medium
ZH_0616,zh,technical,T06,TR-T06-ZH-001,0.2459,medium
ZH_0631,zh,technical,T06,TR-T06-ZH-001,0.2395,high
ZH_0678,zh,technical,T06,TR-T06-ZH-001,0.2549,high
ZH_0685,zh,technical,T06,TR-T06-ZH-001,0.2551,high
ZH_0688,zh,technical,T06,TR-T06-ZH-001,0.2377,medium
ZH_0739,zh,technical,T06,TR-T06-ZH-001,0.2588,high
ZH_0795,zh,technical,T06,TR-T06-ZH-001,0.2463,high
ZH_0829,zh,technical,T06,TR-T06-ZH-001,0.2257,high
ZH_0890,zh,technical,T06,TR-T06-ZH-001,0.2467,high
ZH_0899,zh,technical,T06,TR-T06-ZH-001,0.2637,medium
ZH_0916,zh,technical,T06,TR-T06-ZH-001,0.2401,high
ZH_0717,zh,technical,T07,TR-T07-ZH-001,1.0,high
ZH_0210,zh,technical,T11,TR-T11-ZH-001,0.4255,medium
ZH_0333,zh,technical,T11,TR-T11-ZH-001,0.4218,medium
ZH_0564,zh,technical,T11,TR-T11-ZH-001,0.4221,medium
ZH_0575,zh,technical,T11,TR-T11-ZH-001,0.4302,high
ZH_0600,zh,technical,T11,TR-T11-ZH-001,0.4189,medium
ZH_0879,zh,technical,T11,TR-T11-ZH-001,0.4166,medium
ZH_0084,zh,technical,T12,TR-T12-ZH-001,0.2769,medium
ZH_0276,zh,technical,T12,TR-T12-ZH-001,0.2749,medium
ZH_0283,zh,technical,T12,TR-T12-ZH-001,0.3157,high
ZH_0284,zh,technical,T12,TR-T12-ZH-001,0.3261,high
ZH_0342,zh,technical,T12,TR-T12-ZH-001,0.2774,medium
ZH_0355,zh,technical,T12,TR-T12-ZH-001,0.2719,high
ZH_0414,zh,technical,T12,TR-T12-ZH-001,0.269,medium
ZH_0481,zh,technical,T12,TR-T12-ZH-001,0.2635,medium
ZH_0594,zh,technical,T12,TR-T12-ZH-001,0.2574,medium
ZH_0627,zh,technical,T12,TR-T12-ZH-001,0.2706,medium
ZH_0655,zh,technical,T12,TR-T12-ZH-001,0.3092,high
ZH_0667,zh,technical,T12,TR-T12-ZH-001,0.2735,high
ZH_0744,zh,technical,T12,TR-T12-ZH-001,0.3016,high
ZH_0871,zh,technical,T12,TR-T12-ZH-001,0.2774,high
ZH_0894,zh,technical,T12,TR-T12-ZH-001,0.2578,medium
ZH_0050,zh,technical,T13,TR-T13-ZH-001,0.3393,medium
ZH_0157,zh,technical,T13,TR-T13-ZH-001,0.3449,medium
ZH_0196,zh,technical,T13,TR-T13-ZH-001,0.3427,medium
ZH_0208,zh,technical,T13,TR-T13-ZH-001,0.3432,medium
ZH_0281,zh,technical,T13,TR-T13-ZH-001,0.359,medium
ZH_0438,zh,technical,T13,TR-T13-ZH-001,0.3641,medium
ZH_0691,zh,technical,T13,TR-T13-ZH-001,0.3569,medium
ZH_0788,zh,technical,T13,TR-T13-ZH-001,0.3557,medium
ZH_0934,zh,technical,T13,TR-T13-ZH-001,0.3485,medium
ZH_0067,zh,technical,T16,TR-T16-ZH-001,0.4052,medium
ZH_0109,zh,technical,T16,TR-T16-ZH-001,0.501,medium
ZH_0290,zh,technical,T16,TR-T16-ZH-001,0.4123,medium
ZH_0322,zh,technical,T16,TR-T16-ZH-001,0.4142,medium
ZH_0390,zh,technical,T16,TR-T16-ZH-001,0.5049,medium
ZH_0998,zh,technical,T16,TR-T16-ZH-001,0.4043,high
ZH_0046,zh,technical,T17,TR-T17-ZH-001,0.3812,medium
ZH_0216,zh,technical,T17,TR-T17-ZH-001,0.4211,medium
ZH_0483,zh,technical,T17,TR-T17-ZH-001,0.4148,medium
ZH_0488,zh,technical,T17,TR-T17-ZH-001,0.3884,high
ZH_0664,zh,technical,T17,TR-T17-ZH-001,0.4211,medium
ZH_0917,zh,technical,T17,TR-T17-ZH-001,0.4006,medium
ZH_0994,zh,technical,T17,TR-T17-ZH-001,0.3894,medium
ZH_0474,zh,technical,T20,TR-T20-ZH-001,0.3256,medium
ZH_0475,zh,technical,T20,TR-T20-ZH-001,0.3182,medium
ZH_0512,zh,technical,T20,TR-T20-ZH-001,0.3194,medium
ZH_0516,zh,technical,T20,TR-T20-ZH-001,0.3219,medium
ZH_0570,zh,technical,T20,TR-T20-ZH-001,0.33,medium
ZH_0615,zh,technical,T20,TR-T20-ZH-001,0.3311,medium
ZH_0702,zh,technical,T20,TR-T20-ZH-001,0.3339,medium
ZH_0778,zh,technical,T20,TR-T20-ZH-001,0.3213,medium
ZH_0782,zh,technical,T20,TR-T20-ZH-001,0.3321,high
ZH_0856,zh,technical,T20,TR-T20-ZH-001,0.3237,medium
ZH_0935,zh,technical,T20,TR-T20-ZH-001,0.3257,medium
ZH_0975,zh,technical,T21,TR-T21-ZH-001,1.0,medium
ZH_0201,zh,technical,T25,TR-T25-ZH-001,0.5186,high
ZH_0224,zh,technical,T25,TR-T25-ZH-001,0.5185,medium
ZH_0432,zh,technical,T25,TR-T25-ZH-001,0.5078,medium
ZH_0499,zh,technical,T25,TR-T25-ZH-001,0.5082,medium
ZH_0319,zh,technical,T26,TR-T26-ZH-001,0.5314,high
ZH_0352,zh,technical,T26,TR-T26-ZH-001,0.5282,high
ZH_0541,zh,technical,T26,TR-T26-ZH-001,0.5439,high
ZH_0924,zh,technical,T26,TR-T26-ZH-001,0.5377,high
ZH_0093,zh,technical,T30,TR-T30-ZH-001,0.7303,high
ZH_0526,zh,technical,T30,TR-T30-ZH-001,0.7303,high
ZH_0052,zh,technical,T32,TR-T32-ZH-001,0.5879,medium
ZH_0203,zh,technical,T32,TR-T32-ZH-001,0.5855,high
ZH_0977,zh,technical,T32,TR-T32-ZH-001,0.5864,medium
DOC_0200,en,technical,T01,TR-T01-EN-001,0.4557,high
DOC_0317,en,technical,T01,TR-T01-EN-001,0.4265,high
DOC_0329,en,technical,T01,TR-T01-EN-001,0.4557,high
DOC_0441,en,technical,T01,TR-T01-EN-001,0.4306,high
DOC_0455,en,technical,T01,TR-T01-EN-001,0.4158,high
DOC_0499,en,technical,T01,TR-T01-EN-001,0.4255,high
DOC_0408,en,technical,T02,TR-T02-EN-001,0.4572,high
DOC_0459,en,technical,T02,TR-T02-EN-001,0.4241,high
DOC_0606,en,technical,T02,TR-T02-EN-001,0.4767,high
DOC_0670,en,technical,T02,TR-T02-EN-001,0.4334,high
DOC_0786,en,technical,T02,TR-T02-EN-001,0.4357,high
DOC_0903,en,technical,T02,TR-T02-EN-001,0.4419,high
DOC_0519,en,technical,T02,TR-T02-EN-002,0.4615,high
DOC_0720,en,technical,T02,TR-T02-EN-002,0.4616,high
DOC_0739,en,technical,T02,TR-T02-EN-002,0.4593,high
DOC_0891,en,technical,T02,TR-T02-EN-002,0.4571,high
DOC_0989,en,technical,T02,TR-T02-EN-002,0.4741,high
DOC_0008,en,technical,T03,TR-T03-EN-001,0.3248,high
DOC_0041,en,technical,T03,TR-T03-EN-001,0.214,high
DOC_0051,en,technical,T03,TR-T03-EN-001,0.2726,high
DOC_0088,en,technical,T03,TR-T03-EN-001,0.2921,high
DOC_0117,en,technical,T03,TR-T03-EN-001,0.2535,high
DOC_0195,en,technical,T03,TR-T03-EN-001,0.2752,high
DOC_0205,en,technical,T03,TR-T03-EN-001,0.2233,high
DOC_0262,en,technical,T03,TR-T03-EN-001,0.2382,high
DOC_0362,en,technical,T03,TR-T03-EN-001,0.2399,high
DOC_0363,en,technical,T03,TR-T03-EN-001,0.2902,high
DOC_0444,en,technical,T03,TR-T03-EN-001,0.2349,high
DOC_0468,en,technical,T03,TR-T03-EN-001,0.2382,high
DOC_0484,en,technical,T03,TR-T03-EN-001,0.2246,high
DOC_0504,en,technical,T03,TR-T03-EN-001,0.2573,high
DOC_0588,en,technical,T03,TR-T03-EN-001,0.247,high
DOC_0705,en,technical,T03,TR-T03-EN-001,0.237,high
DOC_0708,en,technical,T03,TR-T03-EN-001,0.2317,high
DOC_0709,en,technical,T03,TR-T03-EN-001,0.2297,high
DOC_0727,en,technical,T03,TR-T03-EN-001,0.2534,high
DOC_0746,en,technical,T03,TR-T03-EN-001,0.2496,high
DOC_0912,en,technical,T03,TR-T03-EN-001,0.2565,high
DOC_0959,en,technical,T03,TR-T03-EN-001,0.2344,high
DOC_0960,en,technical,T03,TR-T03-EN-001,0.313,high
DOC_0034,en,technical,T03,TR-T03-EN-002,0.2519,high
DOC_0072,en,technical,T03,TR-T03-EN-002,0.2848,high
DOC_0093,en,technical,T03,TR-T03-EN-002,0.2601,high
DOC_0122,en,technical,T03,TR-T03-EN-002,0.2524,high
DOC_0153,en,technical,T03,TR-T03-EN-002,0.2549,high
DOC_0173,en,technical,T03,TR-T03-EN-002,0.2685,high
DOC_0345,en,technical,T03,TR-T03-EN-002,0.2412,high
DOC_0431,en,technical,T03,TR-T03-EN-002,0.2625,high
DOC_0537,en,technical,T03,TR-T03-EN-002,0.2531,high
DOC_0544,en,technical,T03,TR-T03-EN-002,0.2654,high
DOC_0707,en,technical,T03,TR-T03-EN-002,0.249,high
DOC_0747,en,technical,T03,TR-T03-EN-002,0.2577,high
DOC_0794,en,technical,T03,TR-T03-EN-002,0.3136,high
DOC_0821,en,technical,T03,TR-T03-EN-002,0.2405,high
DOC_0838,en,technical,T03,TR-T03-EN-002,0.2673,high
DOC_0885,en,technical,T03,TR-T03-EN-002,0.2775,high
DOC_0928,en,technical,T03,TR-T03-EN-002,0.2498,high
DOC_0991,en,technical,T03,TR-T03-EN-002,0.2441,high
DOC_0009,en,technical,T03,TR-T03-EN-003,0.2746,high
DOC_0094,en,technical,T03,TR-T03-EN-003,0.3371,high
DOC_0095,en,technical,T03,TR-T03-EN-003,0.2857,high
DOC_0144,en,technical,T03,TR-T03-EN-003,0.2949,high
DOC_0174,en,technical,T03,TR-T03-EN-003,0.256,high
DOC_0495,en,technical,T03,TR-T03-EN-003,0.2844,high
DOC_0498,en,technical,T03,TR-T03-EN-003,0.2684,high
DOC_0523,en,technical,T03,TR-T03-EN-003,0.3305,high
DOC_0730,en,technical,T03,TR-T03-EN-003,0.2739,high
DOC_0751,en,technical,T03,TR-T03-EN-003,0.3044,high
DOC_0798,en,technical,T03,TR-T03-EN-003,0.2808,high
DOC_0844,en,technical,T03,TR-T03-EN-003,0.303,high
DOC_0894,en,technical,T03,TR-T03-EN-003,0.3351,high
DOC_0907,en,technical,T03,TR-T03-EN-003,0.2811,high
DOC_0944,en,technical,T03,TR-T03-EN-003,0.3056,high
DOC_0113,en,technical,T03,TR-T03-EN-004,0.3626,high
DOC_0150,en,technical,T03,TR-T03-EN-004,0.3522,high
DOC_0261,en,technical,T03,TR-T03-EN-004,0.366,high
DOC_0357,en,technical,T03,TR-T03-EN-004,0.3888,high
DOC_0529,en,technical,T03,TR-T03-EN-004,0.3918,high
DOC_0614,en,technical,T03,TR-T03-EN-004,0.3084,high
DOC_0644,en,technical,T03,TR-T03-EN-004,0.3238,high
DOC_0732,en,technical,T03,TR-T03-EN-004,0.2886,high
DOC_0758,en,technical,T03,TR-T03-EN-004,0.352,high
DOC_0784,en,technical,T03,TR-T03-EN-004,0.3679,high
DOC_0896,en,technical,T03,TR-T03-EN-004,0.285,high
DOC_0025,en,technical,T04,TR-T04-EN-001,0.4284,high
DOC_0044,en,technical,T04,TR-T04-EN-001,0.414,high
DOC_0081,en,technical,T04,TR-T04-EN-001,0.4082,high
DOC_0087,en,technical,T04,TR-T04-EN-001,0.3873,high
DOC_0169,en,technical,T04,TR-T04-EN-001,0.416,high
DOC_0723,en,technical,T04,TR-T04-EN-001,0.3885,high
DOC_0920,en,technical,T04,TR-T04-EN-001,0.3699,high
DOC_0202,en,technical,T05,TR-T05-EN-001,0.3441,high
DOC_0222,en,technical,T05,TR-T05-EN-001,0.3573,high
DOC_0240,en,technical,T05,TR-T05-EN-001,0.2955,high
DOC_0286,en,technical,T05,TR-T05-EN-001,0.3333,high
DOC_0352,en,technical,T05,TR-T05-EN-001,0.2979,high
DOC_0410,en,technical,T05,TR-T05-EN-001,0.3486,high
DOC_0571,en,technical,T05,TR-T05-EN-001,0.331,high
DOC_0609,en,technical,T05,TR-T05-EN-001,0.3449,high
DOC_0633,en,technical,T05,TR-T05-EN-001,0.3074,high
ZH_0811,zh,technical,T49,TR-T49-ZH-900,0.2643,high
DOC_0797,en,technical,T05,TR-T05-EN-001,0.341,high
DOC_0810,en,technical,T05,TR-T05-EN-001,0.3081,high
DOC_0817,en,technical,T05,TR-T05-EN-001,0.2937,high
DOC_0120,en,technical,T05,TR-T05-EN-002,0.384,high
DOC_0220,en,technical,T05,TR-T05-EN-002,0.454,high
DOC_0253,en,technical,T05,TR-T05-EN-002,0.3938,high
DOC_0456,en,technical,T05,TR-T05-EN-002,0.4194,high
DOC_0481,en,technical,T05,TR-T05-EN-002,0.3942,high
DOC_0938,en,technical,T05,TR-T05-EN-002,0.4504,high
DOC_0975,en,technical,T05,TR-T05-EN-002,0.4129,high
DOC_0029,en,technical,T06,TR-T06-EN-001,0.3454,high
DOC_0179,en,technical,T06,TR-T06-EN-001,0.3562,high
DOC_0192,en,technical,T06,TR-T06-EN-001,0.3635,high
DOC_0216,en,technical,T06,TR-T06-EN-001,0.2957,high
DOC_0333,en,technical,T06,TR-T06-EN-001,0.2857,high
DOC_0335,en,technical,T06,TR-T06-EN-001,0.3656,high
DOC_0349,en,technical,T06,TR-T06-EN-001,0.3593,high
DOC_0356,en,technical,T06,TR-T06-EN-001,0.3322,high
DOC_0489,en,technical,T06,TR-T06-EN-001,0.3701,high
DOC_0551,en,technical,T06,TR-T06-EN-001,0.33,high
DOC_0852,en,technical,T06,TR-T06-EN-001,0.2768,high
DOC_0966,en,technical,T06,TR-T06-EN-001,0.3635,high
DOC_0049,en,technical,T06,TR-T06-EN-002,0.347,high
DOC_0070,en,technical,T06,TR-T06-EN-002,0.3432,high
DOC_0187,en,technical,T06,TR-T06-EN-002,0.3169,high
DOC_0296,en,technical,T06,TR-T06-EN-002,0.3342,high
DOC_0465,en,technical,T06,TR-T06-EN-002,0.3845,high
DOC_0570,en,technical,T06,TR-T06-EN-002,0.3498,high
DOC_0621,en,technical,T06,TR-T06-EN-002,0.3263,high
DOC_0636,en,technical,T06,TR-T06-EN-002,0.3294,high
DOC_0764,en,technical,T06,TR-T06-EN-002,0.319,high
DOC_0880,en,technical,T06,TR-T06-EN-002,0.3332,high
DOC_0021,en,technical,T06,TR-T06-EN-003,0.3537,high
DOC_0039,en,technical,T06,TR-T06-EN-003,0.3935,high
DOC_0142,en,technical,T06,TR-T06-EN-003,0.3828,high
DOC_0371,en,technical,T06,TR-T06-EN-003,0.3803,high
DOC_0398,en,technical,T06,TR-T06-EN-003,0.3768,high
DOC_0557,en,technical,T06,TR-T06-EN-003,0.3712,high
DOC_0655,en,technical,T06,TR-T06-EN-003,0.3569,high
DOC_0964,en,technical,T06,TR-T06-EN-003,0.3833,high
DOC_0007,en,technical,T07,TR-T07-EN-001,0.3625,high
DOC_0293,en,technical,T07,TR-T07-EN-001,0.384,high
DOC_0300,en,technical,T07,TR-T07-EN-001,0.3364,high
DOC_0322,en,technical,T07,TR-T07-EN-001,0.3383,high
DOC_0332,en,technical,T07,TR-T07-EN-001,0.3687,high
DOC_0689,en,technical,T07,TR-T07-EN-001,0.3711,high
DOC_0741,en,technical,T07,TR-T07-EN-001,0.3275,high
DOC_0761,en,technical,T07,TR-T07-EN-001,0.3269,high
DOC_0779,en,technical,T07,TR-T07-EN-001,0.316,high
DOC_0922,en,technical,T07,TR-T07-EN-001,0.3516,high
DOC_0017,en,technical,T07,TR-T07-EN-002,0.5996,high
DOC_0045,en,technical,T07,TR-T07-EN-002,0.6012,high
DOC_0166,en,technical,T07,TR-T07-EN-002,0.5983,high
DOC_0154,en,technical,T08,TR-T08-EN-001,0.4395,high
DOC_0312,en,technical,T08,TR-T08-EN-001,0.4147,high
DOC_0635,en,technical,T08,TR-T08-EN-001,0.425,high
DOC_0658,en,technical,T08,TR-T08-EN-001,0.4226,high
DOC_0799,en,technical,T08,TR-T08-EN-001,0.4356,high
DOC_0806,en,technical,T08,TR-T08-EN-001,0.4262,high
DOC_0028,en,technical,T09,TR-T09-EN-001,0.2949,high
DOC_0037,en,technical,T09,TR-T09-EN-001,0.303,high
DOC_0053,en,technical,T09,TR-T09-EN-001,0.3553,high
DOC_0091,en,technical,T09,TR-T09-EN-001,0.3668,high
DOC_0231,en,technical,T09,TR-T09-EN-001,0.298,high
DOC_0306,en,technical,T09,TR-T09-EN-001,0.3154,high
DOC_0394,en,technical,T09,TR-T09-EN-001,0.3372,high
DOC_0417,en,technical,T09,TR-T09-EN-001,0.355,high
DOC_0520,en,technical,T09,TR-T09-EN-001,0.3831,high
DOC_0554,en,technical,T09,TR-T09-EN-001,0.3036,high
DOC_0778,en,technical,T09,TR-T09-EN-001,0.3042,high
DOC_0876,en,technical,T09,TR-T09-EN-001,0.2976,high
DOC_0951,en,technical,T09,TR-T09-EN-001,0.2726,high
DOC_0607,en,technical,T09,TR-T09-EN-002,0.5994,high
DOC_0696,en,technical,T09,TR-T09-EN-002,0.6014,high
DOC_0749,en,technical,T09,TR-T09-EN-002,0.5956,high
DOC_0457,en,technical,T09,TR-T09-EN-003,0.5881,high
DOC_0479,en,technical,T09,TR-T09-EN-003,0.5814,high
DOC_0900,en,technical,T09,TR-T09-EN-003,0.5975,high
DOC_0010,en,technical,T10,TR-T10-EN-001,0.3529,high
DOC_0061,en,technical,T10,TR-T10-EN-001,0.351,high
DOC_0077,en,technical,T10,TR-T10-EN-001,0.3468,high
DOC_0161,en,technical,T10,TR-T10-EN-001,0.3673,high
DOC_0193,en,technical,T10,TR-T10-EN-001,0.3459,high
DOC_0419,en,technical,T10,TR-T10-EN-001,0.3626,high
DOC_0878,en,technical,T10,TR-T10-EN-001,0.356,high
DOC_0882,en,technical,T10,TR-T10-EN-001,0.3365,high
DOC_0917,en,technical,T10,TR-T10-EN-001,0.3506,high
DOC_0078,en,technical,T11,TR-T11-EN-001,0.3735,high
DOC_0083,en,technical,T11,TR-T11-EN-001,0.3416,high
DOC_0143,en,technical,T11,TR-T11-EN-001,0.3564,high
DOC_0146,en,technical,T11,TR-T11-EN-001,0.3529,high
DOC_0620,en,technical,T11,TR-T11-EN-001,0.3558,high
DOC_0721,en,technical,T11,TR-T11-EN-001,0.3403,high
DOC_0792,en,technical,T11,TR-T11-EN-001,0.3149,high
DOC_0848,en,technical,T11,TR-T11-EN-001,0.3414,high
DOC_0909,en,technical,T11,TR-T11-EN-001,0.3513,high
DOC_0955,en,technical,T11,TR-T11-EN-001,0.3568,high
DOC_0003,en,technical,T11,TR-T11-EN-002,0.3947,high
DOC_0036,en,technical,T11,TR-T11-EN-002,0.3855,high
DOC_0618,en,technical,T11,TR-T11-EN-002,0.3971,high
DOC_0692,en,technical,T11,TR-T11-EN-002,0.3868,high
DOC_0828,en,technical,T11,TR-T11-EN-002,0.3838,high
DOC_0867,en,technical,T11,TR-T11-EN-002,0.4082,high
DOC_0934,en,technical,T11,TR-T11-EN-002,0.4067,high
DOC_0145,en,technical,T12,TR-T12-EN-001,0.2116,high
DOC_0196,en,technical,T12,TR-T12-EN-001,0.2349,high
DOC_0198,en,technical,T12,TR-T12-EN-001,0.2562,high
DOC_0209,en,technical,T12,TR-T12-EN-001,0.2451,high
DOC_0234,en,technical,T12,TR-T12-EN-001,0.2785,high
DOC_0272,en,technical,T12,TR-T12-EN-001,0.3139,high
DOC_0384,en,technical,T12,TR-T12-EN-001,0.2504,high
DOC_0392,en,technical,T12,TR-T12-EN-001,0.2484,high
DOC_0399,en,technical,T12,TR-T12-EN-001,0.2586,high
DOC_0430,en,technical,T12,TR-T12-EN-001,0.253,high
DOC_0506,en,technical,T12,TR-T12-EN-001,0.2354,high
DOC_0509,en,technical,T12,TR-T12-EN-001,0.2954,high
DOC_0627,en,technical,T12,TR-T12-EN-001,0.2556,high
DOC_0630,en,technical,T12,TR-T12-EN-001,0.2368,high
DOC_0659,en,technical,T12,TR-T12-EN-001,0.2412,high
DOC_0661,en,technical,T12,TR-T12-EN-001,0.2319,high
DOC_0733,en,technical,T12,TR-T12-EN-001,0.2692,high
DOC_0753,en,technical,T12,TR-T12-EN-001,0.2553,high
DOC_0836,en,technical,T12,TR-T12-EN-001,0.2259,high
DOC_0875,en,technical,T12,TR-T12-EN-001,0.2583,high
DOC_0948,en,technical,T12,TR-T12-EN-001,0.2132,high
DOC_0058,en,technical,T12,TR-T12-EN-002,0.2567,high
DOC_0066,en,technical,T12,TR-T12-EN-002,0.3158,high
DOC_0131,en,technical,T12,TR-T12-EN-002,0.3013,high
DOC_0152,en,technical,T12,TR-T12-EN-002,0.2893,high
DOC_0305,en,technical,T12,TR-T12-EN-002,0.2635,high
DOC_0522,en,technical,T12,TR-T12-EN-002,0.3035,high
DOC_0566,en,technical,T12,TR-T12-EN-002,0.3212,high
DOC_0765,en,technical,T12,TR-T12-EN-002,0.3264,high
DOC_0914,en,technical,T12,TR-T12-EN-002,0.2709,high
DOC_0923,en,technical,T12,TR-T12-EN-002,0.283,high
DOC_0925,en,technical,T12,TR-T12-EN-002,0.3206,high
DOC_0937,en,technical,T12,TR-T12-EN-002,0.2616,high
DOC_0954,en,technical,T12,TR-T12-EN-002,0.3482,high
DOC_0980,en,technical,T12,TR-T12-EN-002,0.3146,high
DOC_0043,en,technical,T12,TR-T12-EN-003,0.2992,high
DOC_0069,en,technical,T12,TR-T12-EN-003,0.3236,high
DOC_0204,en,technical,T12,TR-T12-EN-003,0.296,high
DOC_0379,en,technical,T12,TR-T12-EN-003,0.2881,high
DOC_0389,en,technical,T12,TR-T12-EN-003,0.3104,high
DOC_0500,en,technical,T12,TR-T12-EN-003,0.3435,high
DOC_0592,en,technical,T12,TR-T12-EN-003,0.3202,high
DOC_0622,en,technical,T12,TR-T12-EN-003,0.3262,high
DOC_0625,en,technical,T12,TR-T12-EN-003,0.3443,high
DOC_0760,en,technical,T12,TR-T12-EN-003,0.2842,high
DOC_0813,en,technical,T12,TR-T12-EN-003,0.3021,high
DOC_0842,en,technical,T12,TR-T12-EN-003,0.3061,high
DOC_0055,en,technical,T12,TR-T12-EN-004,0.3342,high
DOC_0071,en,technical,T12,TR-T12-EN-004,0.3187,high
DOC_0219,en,technical,T12,TR-T12-EN-004,0.3381,high
DOC_0282,en,technical,T12,TR-T12-EN-004,0.3017,high
DOC_0285,en,technical,T12,TR-T12-EN-004,0.3071,high
DOC_0367,en,technical,T12,TR-T12-EN-004,0.3108,high
DOC_0449,en,technical,T12,TR-T12-EN-004,0.3042,high
DOC_0528,en,technical,T12,TR-T12-EN-004,0.3737,high
DOC_0619,en,technical,T12,TR-T12-EN-004,0.2905,high
DOC_0704,en,technical,T12,TR-T12-EN-004,0.3285,high
DOC_0939,en,technical,T12,TR-T12-EN-004,0.3521,high
DOC_0355,en,technical,T12,TR-T12-EN-005,0.4979,high
DOC_0374,en,technical,T12,TR-T12-EN-005,0.4449,high
DOC_0424,en,technical,T12,TR-T12-EN-005,0.5137,high
DOC_0445,en,technical,T12,TR-T12-EN-005,0.4915,high
DOC_0694,en,technical,T12,TR-T12-EN-005,0.5331,high
DOC_0132,en,technical,T13,TR-T13-EN-001,0.3569,high
DOC_0140,en,technical,T13,TR-T13-EN-001,0.3365,high
DOC_0183,en,technical,T13,TR-T13-EN-001,0.3121,high
DOC_0265,en,technical,T13,TR-T13-EN-001,0.2995,high
DOC_0290,en,technical,T13,TR-T13-EN-001,0.3578,high
DOC_0327,en,technical,T13,TR-T13-EN-001,0.3258,high
DOC_0469,en,technical,T13,TR-T13-EN-001,0.3131,high
DOC_0550,en,technical,T13,TR-T13-EN-001,0.3448,high
DOC_0602,en,technical,T13,TR-T13-EN-001,0.3828,high
DOC_0904,en,technical,T13,TR-T13-EN-001,0.2737,high
DOC_0958,en,technical,T13,TR-T13-EN-001,0.2779,high
DOC_0985,en,technical,T13,TR-T13-EN-001,0.3269,high
DOC_0030,en,technical,T13,TR-T13-EN-002,0.3558,high
DOC_0212,en,technical,T13,TR-T13-EN-002,0.3656,high
DOC_0361,en,technical,T13,TR-T13-EN-002,0.3458,high
DOC_0377,en,technical,T13,TR-T13-EN-002,0.3359,high
DOC_0543,en,technical,T13,TR-T13-EN-002,0.3378,high
DOC_0580,en,technical,T13,TR-T13-EN-002,0.3514,high
DOC_0656,en,technical,T13,TR-T13-EN-002,0.3583,high
DOC_0771,en,technical,T13,TR-T13-EN-002,0.3433,high
DOC_0862,en,technical,T13,TR-T13-EN-002,0.3379,high
DOC_0572,en,technical,T13,TR-T13-EN-003,0.5491,high
DOC_0593,en,technical,T13,TR-T13-EN-003,0.5631,high
DOC_0652,en,technical,T13,TR-T13-EN-003,0.5126,high
DOC_0902,en,technical,T13,TR-T13-EN-003,0.5578,high
DOC_0033,en,technical,T14,TR-T14-EN-001,0.4781,high
DOC_0172,en,technical,T14,TR-T14-EN-001,0.4502,high
DOC_0502,en,technical,T14,TR-T14-EN-001,0.4701,high
DOC_0822,en,technical,T14,TR-T14-EN-001,0.4697,high
DOC_0884,en,technical,T14,TR-T14-EN-001,0.4626,high
DOC_0328,en,technical,T15,TR-T15-EN-001,0.4033,high
DOC_0416,en,technical,T15,TR-T15-EN-001,0.4409,high
DOC_0450,en,technical,T15,TR-T15-EN-001,0.378,high
DOC_0533,en,technical,T15,TR-T15-EN-001,0.4071,high
DOC_0667,en,technical,T15,TR-T15-EN-001,0.4071,high
DOC_0748,en,technical,T15,TR-T15-EN-001,0.4215,high
DOC_0768,en,technical,T15,TR-T15-EN-001,0.4024,high
DOC_0110,en,technical,T15,TR-T15-EN-002,0.5223,high
DOC_0239,en,technical,T15,TR-T15-EN-002,0.5118,high
DOC_0337,en,technical,T15,TR-T15-EN-002,0.5301,high
DOC_0804,en,technical,T15,TR-T15-EN-002,0.5314,high
DOC_0303,en,technical,T16,TR-T16-EN-001,0.7206,high
DOC_0390,en,technical,T16,TR-T16-EN-001,0.7206,high
DOC_0149,en,technical,T17,TR-T17-EN-001,0.4365,high
DOC_0428,en,technical,T17,TR-T17-EN-001,0.3587,high
DOC_0542,en,technical,T17,TR-T17-EN-001,0.3219,high
DOC_0565,en,technical,T17,TR-T17-EN-001,0.3957,high
DOC_0596,en,technical,T17,TR-T17-EN-001,0.3488,high
DOC_0745,en,technical,T17,TR-T17-EN-001,0.3731,high
DOC_0823,en,technical,T17,TR-T17-EN-001,0.3474,high
DOC_0843,en,technical,T17,TR-T17-EN-001,0.3404,high
DOC_0888,en,technical,T17,TR-T17-EN-001,0.3671,high
DOC_0014,en,technical,T17,TR-T17-EN-002,0.508,high
DOC_0540,en,technical,T17,TR-T17-EN-002,0.4386,high
DOC_0686,en,technical,T17,TR-T17-EN-002,0.4753,high
DOC_0713,en,technical,T17,TR-T17-EN-002,0.5292,high
DOC_0887,en,technical,T17,TR-T17-EN-002,0.5353,high
DOC_0006,en,technical,T17,TR-T17-EN-003,0.4862,high
DOC_0092,en,technical,T17,TR-T17-EN-003,0.4768,high
DOC_0197,en,technical,T17,TR-T17-EN-003,0.4454,high
DOC_0782,en,technical,T17,TR-T17-EN-003,0.5036,high
DOC_0897,en,technical,T17,TR-T17-EN-003,0.4798,high
DOC_0084,en,technical,T18,TR-T18-EN-001,0.3193,high
DOC_0199,en,technical,T18,TR-T18-EN-001,0.3416,high
DOC_0223,en,technical,T18,TR-T18-EN-001,0.2823,high
DOC_0341,en,technical,T18,TR-T18-EN-001,0.2967,high
DOC_0346,en,technical,T18,TR-T18-EN-001,0.3023,high
DOC_0360,en,technical,T18,TR-T18-EN-001,0.2937,high
DOC_0403,en,technical,T18,TR-T18-EN-001,0.2954,high
DOC_0407,en,technical,T18,TR-T18-EN-001,0.2882,high
DOC_0577,en,technical,T18,TR-T18-EN-001,0.3043,high
DOC_0699,en,technical,T18,TR-T18-EN-001,0.3176,high
DOC_0759,en,technical,T18,TR-T18-EN-001,0.3171,high
DOC_0802,en,technical,T18,TR-T18-EN-001,0.2814,high
DOC_0820,en,technical,T18,TR-T18-EN-001,0.3174,high
DOC_0381,en,technical,T18,TR-T18-EN-002,0.4722,high
DOC_0411,en,technical,T18,TR-T18-EN-002,0.4338,high
DOC_0415,en,technical,T18,TR-T18-EN-002,0.5044,high
DOC_0657,en,technical,T18,TR-T18-EN-002,0.434,high
DOC_0769,en,technical,T18,TR-T18-EN-002,0.5092,high
DOC_0180,en,technical,T19,TR-T19-EN-001,0.717,high
DOC_0311,en,technical,T19,TR-T19-EN-001,0.717,high
DOC_0246,en,technical,T20,TR-T20-EN-001,0.2791,high
DOC_0270,en,technical,T20,TR-T20-EN-001,0.3372,high
DOC_0343,en,technical,T20,TR-T20-EN-001,0.317,high
DOC_0447,en,technical,T20,TR-T20-EN-001,0.3068,high
DOC_0471,en,technical,T20,TR-T20-EN-001,0.3176,high
DOC_0493,en,technical,T20,TR-T20-EN-001,0.3293,high
DOC_0545,en,technical,T20,TR-T20-EN-001,0.3138,high
DOC_0599,en,technical,T20,TR-T20-EN-001,0.2747,high
DOC_0742,en,technical,T20,TR-T20-EN-001,0.3502,high
DOC_0762,en,technical,T20,TR-T20-EN-001,0.2985,high
DOC_0763,en,technical,T20,TR-T20-EN-001,0.3143,high
DOC_0781,en,technical,T20,TR-T20-EN-001,0.3376,high
DOC_0910,en,technical,T20,TR-T20-EN-001,0.3053,high
DOC_0304,en,technical,T20,TR-T20-EN-002,0.5329,high
DOC_0473,en,technical,T20,TR-T20-EN-002,0.5353,high
DOC_0600,en,technical,T20,TR-T20-EN-002,0.5117,high
DOC_0832,en,technical,T20,TR-T20-EN-002,0.5126,high
DOC_0042,en,technical,T21,TR-T21-EN-001,0.3702,high
DOC_0175,en,technical,T21,TR-T21-EN-001,0.3591,high
DOC_0184,en,technical,T21,TR-T21-EN-001,0.3733,high
DOC_0258,en,technical,T21,TR-T21-EN-001,0.3731,high
DOC_0259,en,technical,T21,TR-T21-EN-001,0.3392,high
DOC_0393,en,technical,T21,TR-T21-EN-001,0.3815,high
DOC_0421,en,technical,T21,TR-T21-EN-001,0.3758,high
DOC_0490,en,technical,T21,TR-T21-EN-001,0.3716,high
DOC_0535,en,technical,T21,TR-T21-EN-001,0.4015,high
DOC_0933,en,technical,T21,TR-T21-EN-001,0.3614,high
DOC_0048,en,technical,T21,TR-T21-EN-002,0.4092,high
DOC_0148,en,technical,T21,TR-T21-EN-002,0.4551,high
DOC_0217,en,technical,T21,TR-T21-EN-002,0.5385,high
DOC_0297,en,technical,T21,TR-T21-EN-002,0.529,high
DOC_0388,en,technical,T21,TR-T21-EN-002,0.4126,high
DOC_0589,en,technical,T21,TR-T21-EN-002,0.4031,high
DOC_0623,en,technical,T21,TR-T21-EN-002,0.4581,high
DOC_0012,en,technical,T22,TR-T22-EN-001,0.1972,high
DOC_0189,en,technical,T22,TR-T22-EN-001,0.2195,high
DOC_0191,en,technical,T22,TR-T22-EN-001,0.2471,high
DOC_0235,en,technical,T22,TR-T22-EN-001,0.2104,high
DOC_0236,en,technical,T22,TR-T22-EN-001,0.2178,high
DOC_0263,en,technical,T22,TR-T22-EN-001,0.2,high
DOC_0298,en,technical,T22,TR-T22-EN-001,0.2131,high
DOC_0385,en,technical,T22,TR-T22-EN-001,0.2258,high
DOC_0387,en,technical,T22,TR-T22-EN-001,0.2189,high
DOC_0396,en,technical,T22,TR-T22-EN-001,0.2191,high
DOC_0420,en,technical,T22,TR-T22-EN-001,0.1979,high
DOC_0505,en,technical,T22,TR-T22-EN-001,0.2455,high
DOC_0524,en,technical,T22,TR-T22-EN-001,0.2107,high
DOC_0569,en,technical,T22,TR-T22-EN-001,0.2186,high
DOC_0601,en,technical,T22,TR-T22-EN-001,0.2201,high
DOC_0717,en,technical,T22,TR-T22-EN-001,0.2525,high
DOC_0744,en,technical,T22,TR-T22-EN-001,0.2104,high
DOC_0756,en,technical,T22,TR-T22-EN-001,0.2481,high
DOC_0757,en,technical,T22,TR-T22-EN-001,0.204,high
DOC_0787,en,technical,T22,TR-T22-EN-001,0.2563,high
DOC_0805,en,technical,T22,TR-T22-EN-001,0.2204,high
DOC_0830,en,technical,T22,TR-T22-EN-001,0.2184,high
DOC_0857,en,technical,T22,TR-T22-EN-001,0.2319,high
DOC_0915,en,technical,T22,TR-T22-EN-001,0.2196,high
DOC_0919,en,technical,T22,TR-T22-EN-001,0.2219,high
DOC_0942,en,technical,T22,TR-T22-EN-001,0.2061,high
DOC_0961,en,technical,T22,TR-T22-EN-001,0.1744,high
DOC_0984,en,technical,T22,TR-T22-EN-001,0.2163,high
DOC_0988,en,technical,T22,TR-T22-EN-001,0.2025,high
DOC_0011,en,technical,T22,TR-T22-EN-002,0.2621,high
DOC_0080,en,technical,T22,TR-T22-EN-002,0.2602,high
DOC_0135,en,technical,T22,TR-T22-EN-002,0.2805,high
DOC_0157,en,technical,T22,TR-T22-EN-002,0.2611,high
DOC_0178,en,technical,T22,TR-T22-EN-002,0.2664,high
DOC_0181,en,technical,T22,TR-T22-EN-002,0.2583,high
DOC_0264,en,technical,T22,TR-T22-EN-002,0.2831,high
DOC_0310,en,technical,T22,TR-T22-EN-002,0.267,high
DOC_0324,en,technical,T22,TR-T22-EN-002,0.2515,high
DOC_0365,en,technical,T22,TR-T22-EN-002,0.2823,high
DOC_0380,en,technical,T22,TR-T22-EN-002,0.3064,high
DOC_0391,en,technical,T22,TR-T22-EN-002,0.272,high
DOC_0591,en,technical,T22,TR-T22-EN-002,0.261,high
DOC_0706,en,technical,T22,TR-T22-EN-002,0.264,high
DOC_0772,en,technical,T22,TR-T22-EN-002,0.2568,high
DOC_0791,en,technical,T22,TR-T22-EN-002,0.2508,high
DOC_0969,en,technical,T22,TR-T22-EN-002,0.2751,high
DOC_0002,en,technical,T23,TR-T23-EN-001,0.5474,high
DOC_0560,en,technical,T23,TR-T23-EN-001,0.5325,high
DOC_0573,en,technical,T23,TR-T23-EN-001,0.5137,high
DOC_0680,en,technical,T23,TR-T23-EN-001,0.5415,high
DOC_0040,en,technical,T24,TR-T24-EN-001,0.3148,high
DOC_0211,en,technical,T24,TR-T24-EN-001,0.2724,high
DOC_0247,en,technical,T24,TR-T24-EN-001,0.3255,high
DOC_0256,en,technical,T24,TR-T24-EN-001,0.2931,high
DOC_0386,en,technical,T24,TR-T24-EN-001,0.3236,high
DOC_0539,en,technical,T24,TR-T24-EN-001,0.2783,high
DOC_0574,en,technical,T24,TR-T24-EN-001,0.3215,high
DOC_0578,en,technical,T24,TR-T24-EN-001,0.2839,high
DOC_0624,en,technical,T24,TR-T24-EN-001,0.2785,high
DOC_0695,en,technical,T24,TR-T24-EN-001,0.2976,high
DOC_0773,en,technical,T24,TR-T24-EN-001,0.2838,high
DOC_0865,en,technical,T24,TR-T24-EN-001,0.3281,high
DOC_0881,en,technical,T24,TR-T24-EN-001,0.3388,high
DOC_0898,en,technical,T24,TR-T24-EN-001,0.2726,high
DOC_0977,en,technical,T24,TR-T24-EN-001,0.2603,high
DOC_0031,en,technical,T24,TR-T24-EN-002,0.3605,high
DOC_0059,en,technical,T24,TR-T24-EN-002,0.3347,high
DOC_0065,en,technical,T24,TR-T24-EN-002,0.3479,high
DOC_0147,en,technical,T24,TR-T24-EN-002,0.3492,high
DOC_0164,en,technical,T24,TR-T24-EN-002,0.3244,high
DOC_0188,en,technical,T24,TR-T24-EN-002,0.3173,high
DOC_0301,en,technical,T24,TR-T24-EN-002,0.3615,high
DOC_0476,en,technical,T24,TR-T24-EN-002,0.3218,high
DOC_0834,en,technical,T24,TR-T24-EN-002,0.361,high
DOC_0899,en,technical,T24,TR-T24-EN-002,0.3332,high
DOC_0118,en,technical,T24,TR-T24-EN-003,0.5121,high
DOC_0401,en,technical,T24,TR-T24-EN-003,0.4872,high
DOC_0472,en,technical,T24,TR-T24-EN-003,0.5174,high
DOC_0608,en,technical,T24,TR-T24-EN-003,0.4547,high
DOC_0682,en,technical,T24,TR-T24-EN-003,0.455,high
DOC_0250,en,technical,T25,TR-T25-EN-001,0.5918,high
DOC_0257,en,technical,T25,TR-T25-EN-001,0.5777,high
DOC_0675,en,technical,T25,TR-T25-EN-001,0.5924,high
DOC_0426,en,technical,T26,TR-T26-EN-001,0.4893,high
DOC_0462,en,technical,T26,TR-T26-EN-001,0.5305,high
DOC_0474,en,technical,T26,TR-T26-EN-001,0.5204,high
DOC_0508,en,technical,T26,TR-T26-EN-001,0.5396,high
DOC_0015,en,technical,T27,TR-T27-EN-001,1.0,high
DOC_0483,en,technical,T29,TR-T29-EN-001,0.408,high
DOC_0669,en,technical,T29,TR-T29-EN-001,0.4062,high
DOC_0835,en,technical,T29,TR-T29-EN-001,0.3792,high
DOC_0841,en,technical,T29,TR-T29-EN-001,0.3428,high
DOC_0846,en,technical,T29,TR-T29-EN-001,0.4118,high
DOC_0858,en,technical,T29,TR-T29-EN-001,0.4363,high
DOC_0868,en,technical,T29,TR-T29-EN-001,0.3938,high
DOC_0924,en,technical,T29,TR-T29-EN-001,0.3533,high
DOC_0090,en,technical,T30,TR-T30-EN-001,0.4538,high
DOC_0134,en,technical,T30,TR-T30-EN-001,0.4855,high
DOC_0155,en,technical,T30,TR-T30-EN-001,0.5046,high
DOC_0233,en,technical,T30,TR-T30-EN-001,0.4638,high
DOC_0326,en,technical,T30,TR-T30-EN-001,0.4545,high
DOC_0824,en,technical,T30,TR-T30-EN-001,0.3915,high
DOC_0487,en,technical,T31,TR-T31-EN-001,0.3826,high
DOC_0590,en,technical,T31,TR-T31-EN-001,0.4427,high
DOC_0693,en,technical,T31,TR-T31-EN-001,0.3834,high
DOC_0698,en,technical,T31,TR-T31-EN-001,0.448,high
DOC_0845,en,technical,T31,TR-T31-EN-001,0.4426,high
DOC_0945,en,technical,T31,TR-T31-EN-001,0.3917,high
DOC_0947,en,technical,T31,TR-T31-EN-001,0.4382,high
DOC_0133,en,technical,T33,TR-T33-EN-001,0.4529,high
DOC_0665,en,technical,T33,TR-T33-EN-001,0.459,high
DOC_0674,en,technical,T33,TR-T33-EN-001,0.477,high
DOC_0801,en,technical,T33,TR-T33-EN-001,0.4872,high
DOC_0994,en,technical,T33,TR-T33-EN-001,0.4606,high
ZH_0598,zh,application,A04,AS-A04-ZH-001,1.0,medium
ZH_0556,zh,application,A08,AS-A08-ZH-001,1.0,medium
ZH_0089,zh,application,A09,AS-A09-ZH-001,0.3997,medium
ZH_0189,zh,application,A09,AS-A09-ZH-001,0.4217,medium
ZH_0196,zh,application,A09,AS-A09-ZH-001,0.3917,medium
ZH_0222,zh,application,A09,AS-A09-ZH-001,0.4038,medium
ZH_0271,zh,application,A09,AS-A09-ZH-001,0.3847,medium
ZH_0575,zh,application,A09,AS-A09-ZH-001,0.4149,medium
ZH_0578,zh,application,A09,AS-A09-ZH-001,0.4064,medium
ZH_0741,zh,application,A10,AS-A10-ZH-001,0.7291,high
ZH_0780,zh,application,A10,AS-A10-ZH-001,0.7291,high
ZH_0631,zh,application,A12,AS-A12-ZH-001,0.7341,high
ZH_0914,zh,application,A12,AS-A12-ZH-001,0.7341,high
ZH_0554,zh,application,A15,AS-A15-ZH-001,1.0,high
ZH_0541,zh,application,A20,AS-A20-ZH-001,1.0,high
ZH_0262,zh,application,A22,AS-A22-ZH-001,0.4563,medium
ZH_0582,zh,application,A22,AS-A22-ZH-001,0.4703,high
ZH_0616,zh,application,A22,AS-A22-ZH-001,0.4733,high
ZH_0744,zh,application,A22,AS-A22-ZH-001,0.4653,medium
ZH_0948,zh,application,A22,AS-A22-ZH-001,0.4509,high
ZH_0298,zh,application,A24,AS-A24-ZH-001,0.466,medium
ZH_0300,zh,application,A24,AS-A24-ZH-001,0.4492,high
ZH_0467,zh,application,A24,AS-A24-ZH-001,0.4742,medium
ZH_0585,zh,application,A24,AS-A24-ZH-001,0.4583,high
ZH_0806,zh,application,A24,AS-A24-ZH-001,0.4663,high
ZH_0503,zh,application,A25,AS-A25-ZH-001,0.3969,high
ZH_0517,zh,application,A25,AS-A25-ZH-001,0.4062,medium
ZH_0577,zh,application,A25,AS-A25-ZH-001,0.3805,medium
ZH_0707,zh,application,A25,AS-A25-ZH-001,0.3933,medium
ZH_0722,zh,application,A25,AS-A25-ZH-001,0.4044,medium
ZH_0849,zh,application,A25,AS-A25-ZH-001,0.4058,high
ZH_0961,zh,application,A25,AS-A25-ZH-001,0.3918,high
ZH_0203,zh,application,A26,AS-A26-ZH-001,0.3916,medium
ZH_0259,zh,application,A26,AS-A26-ZH-001,0.3963,high
ZH_0285,zh,application,A26,AS-A26-ZH-001,0.4042,medium
ZH_0297,zh,application,A26,AS-A26-ZH-001,0.3965,high
ZH_0313,zh,application,A26,AS-A26-ZH-001,0.4187,high
ZH_0623,zh,application,A26,AS-A26-ZH-001,0.3957,medium
ZH_0804,zh,application,A26,AS-A26-ZH-001,0.3988,high
ZH_0044,zh,application,A27,AS-A27-ZH-001,0.3447,high
ZH_0063,zh,application,A27,AS-A27-ZH-001,0.3489,medium
ZH_0103,zh,application,A27,AS-A27-ZH-001,0.3528,medium
ZH_0217,zh,application,A27,AS-A27-ZH-001,0.3537,high
ZH_0223,zh,application,A27,AS-A27-ZH-001,0.3587,medium
ZH_0225,zh,application,A27,AS-A27-ZH-001,0.3533,high
ZH_0306,zh,application,A27,AS-A27-ZH-001,0.3713,high
ZH_0339,zh,application,A27,AS-A27-ZH-001,0.3476,medium
ZH_0612,zh,application,A27,AS-A27-ZH-001,0.3358,high
ZH_0102,zh,application,A28,AS-A28-ZH-001,0.4242,medium
ZH_0228,zh,application,A28,AS-A28-ZH-001,0.4242,medium
ZH_0532,zh,application,A28,AS-A28-ZH-001,0.4127,medium
ZH_0629,zh,application,A28,AS-A28-ZH-001,0.4138,high
ZH_0710,zh,application,A28,AS-A28-ZH-001,0.4229,medium
ZH_0779,zh,application,A28,AS-A28-ZH-001,0.4225,high
ZH_0962,zh,application,A51,AS-A51-ZH-900,0.3425,high
ZH_0402,zh,application,A48,AS-A48-ZH-001,0.4418,high
ZH_0449,zh,application,A48,AS-A48-ZH-001,0.4577,high
ZH_0521,zh,application,A48,AS-A48-ZH-001,0.4043,medium
ZH_0624,zh,application,A48,AS-A48-ZH-001,0.4617,high
ZH_0856,zh,application,A48,AS-A48-ZH-001,0.4119,high
ZH_0261,zh,application,A48,AS-A48-ZH-002,0.5162,high
ZH_0868,zh,application,A48,AS-A48-ZH-002,0.5016,high
ZH_0955,zh,application,A48,AS-A48-ZH-002,0.543,high
ZH_0988,zh,application,A48,AS-A48-ZH-002,0.5358,high
ZH_0023,zh,application,A49,AS-A49-ZH-001,1.0,high
DOC_0012,en,application,A01,AS-A01-EN-001,0.295,high
DOC_0178,en,application,A01,AS-A01-EN-001,0.3076,high
DOC_0235,en,application,A01,AS-A01-EN-001,0.2925,high
DOC_0246,en,application,A01,AS-A01-EN-001,0.2831,high
DOC_0247,en,application,A01,AS-A01-EN-001,0.3063,high
DOC_0298,en,application,A01,AS-A01-EN-001,0.3047,high
DOC_0312,en,application,A01,AS-A01-EN-001,0.3436,high
DOC_0324,en,application,A01,AS-A01-EN-001,0.2962,high
DOC_0607,en,application,A01,AS-A01-EN-001,0.3333,high
DOC_0751,en,application,A01,AS-A01-EN-001,0.2906,high
DOC_0830,en,application,A01,AS-A01-EN-001,0.3159,high
DOC_0907,en,application,A01,AS-A01-EN-001,0.3047,high
DOC_0942,en,application,A01,AS-A01-EN-001,0.3525,high
DOC_0009,en,application,A01,AS-A01-EN-002,0.2905,high
DOC_0036,en,application,A01,AS-A01-EN-002,0.2756,high
DOC_0037,en,application,A01,AS-A01-EN-002,0.3617,high
DOC_0070,en,application,A01,AS-A01-EN-002,0.3873,high
DOC_0143,en,application,A01,AS-A01-EN-002,0.3779,high
DOC_0377,en,application,A01,AS-A01-EN-002,0.2615,high
DOC_0447,en,application,A01,AS-A01-EN-002,0.3425,high
DOC_0670,en,application,A01,AS-A01-EN-002,0.3909,high
DOC_0732,en,application,A01,AS-A01-EN-002,0.3526,high
DOC_0786,en,application,A01,AS-A01-EN-002,0.2825,high
DOC_0948,en,application,A01,AS-A01-EN-002,0.3635,high
DOC_0991,en,application,A01,AS-A01-EN-002,0.3747,high
DOC_0028,en,application,A01,AS-A01-EN-003,0.3363,high
DOC_0061,en,application,A01,AS-A01-EN-003,0.306,high
DOC_0088,en,application,A01,AS-A01-EN-003,0.3207,high
DOC_0120,en,application,A01,AS-A01-EN-003,0.3639,high
DOC_0410,en,application,A01,AS-A01-EN-003,0.3512,high
DOC_0465,en,application,A01,AS-A01-EN-003,0.3241,high
DOC_0570,en,application,A01,AS-A01-EN-003,0.3461,high
DOC_0588,en,application,A01,AS-A01-EN-003,0.3279,high
DOC_0692,en,application,A01,AS-A01-EN-003,0.3537,high
DOC_0747,en,application,A01,AS-A01-EN-003,0.3,high
DOC_0961,en,application,A01,AS-A01-EN-003,0.3025,high
DOC_0039,en,application,A01,AS-A01-EN-004,0.3802,high
DOC_0040,en,application,A01,AS-A01-EN-004,0.4043,high
DOC_0087,en,application,A01,AS-A01-EN-004,0.3883,high
DOC_0161,en,application,A01,AS-A01-EN-004,0.3907,high
DOC_0188,en,application,A01,AS-A01-EN-004,0.3603,high
DOC_0621,en,application,A01,AS-A01-EN-004,0.3825,high
DOC_0881,en,application,A01,AS-A01-EN-004,0.3807,high
DOC_0904,en,application,A01,AS-A01-EN-004,0.4033,high
DOC_0048,en,application,A02,AS-A02-EN-001,0.29,high
DOC_0301,en,application,A02,AS-A02-EN-001,0.3568,high
DOC_0468,en,application,A02,AS-A02-EN-001,0.3104,high
DOC_0573,en,application,A02,AS-A02-EN-001,0.2914,high
DOC_0696,en,application,A02,AS-A02-EN-001,0.2643,high
DOC_0721,en,application,A02,AS-A02-EN-001,0.3379,high
DOC_0746,en,application,A02,AS-A02-EN-001,0.338,high
DOC_0753,en,application,A02,AS-A02-EN-001,0.2675,high
DOC_0805,en,application,A02,AS-A02-EN-001,0.2766,high
DOC_0834,en,application,A02,AS-A02-EN-001,0.3146,high
DOC_0885,en,application,A02,AS-A02-EN-001,0.2736,high
DOC_0919,en,application,A02,AS-A02-EN-001,0.284,high
DOC_0951,en,application,A02,AS-A02-EN-001,0.3117,high
DOC_0955,en,application,A02,AS-A02-EN-001,0.2737,high
DOC_0498,en,application,A02,AS-A02-EN-002,0.396,high
DOC_0539,en,application,A02,AS-A02-EN-002,0.3466,high
DOC_0574,en,application,A02,AS-A02-EN-002,0.4642,high
DOC_0730,en,application,A02,AS-A02-EN-002,0.3611,high
DOC_0741,en,application,A02,AS-A02-EN-002,0.3619,high
DOC_0844,en,application,A02,AS-A02-EN-002,0.4162,high
DOC_0865,en,application,A02,AS-A02-EN-002,0.459,high
DOC_0898,en,application,A02,AS-A02-EN-002,0.4012,high
DOC_0007,en,application,A02,AS-A02-EN-003,0.5317,high
DOC_0093,en,application,A02,AS-A02-EN-003,0.529,high
DOC_0222,en,application,A02,AS-A02-EN-003,0.535,high
DOC_0589,en,application,A02,AS-A02-EN-003,0.5012,high
DOC_0008,en,application,A03,AS-A03-EN-001,0.2446,high
DOC_0017,en,application,A03,AS-A03-EN-001,0.1706,high
DOC_0069,en,application,A03,AS-A03-EN-001,0.1829,high
DOC_0077,en,application,A03,AS-A03-EN-001,0.2123,high
DOC_0078,en,application,A03,AS-A03-EN-001,0.1896,high
DOC_0083,en,application,A03,AS-A03-EN-001,0.1875,high
DOC_0094,en,application,A03,AS-A03-EN-001,0.2523,high
DOC_0095,en,application,A03,AS-A03-EN-001,0.2165,high
DOC_0117,en,application,A03,AS-A03-EN-001,0.2504,high
DOC_0135,en,application,A03,AS-A03-EN-001,0.1902,high
DOC_0144,en,application,A03,AS-A03-EN-001,0.2151,high
DOC_0148,en,application,A03,AS-A03-EN-001,0.1951,high
DOC_0164,en,application,A03,AS-A03-EN-001,0.1669,high
DOC_0166,en,application,A03,AS-A03-EN-001,0.162,high
DOC_0169,en,application,A03,AS-A03-EN-001,0.2115,high
DOC_0262,en,application,A03,AS-A03-EN-001,0.2016,high
DOC_0263,en,application,A03,AS-A03-EN-001,0.1981,high
DOC_0286,en,application,A03,AS-A03-EN-001,0.2002,high
DOC_0300,en,application,A03,AS-A03-EN-001,0.1842,high
DOC_0322,en,application,A03,AS-A03-EN-001,0.2119,high
DOC_0343,en,application,A03,AS-A03-EN-001,0.195,high
DOC_0380,en,application,A03,AS-A03-EN-001,0.1997,high
DOC_0419,en,application,A03,AS-A03-EN-001,0.1899,high
DOC_0459,en,application,A03,AS-A03-EN-001,0.1785,high
DOC_0462,en,application,A03,AS-A03-EN-001,0.2256,high
DOC_0471,en,application,A03,AS-A03-EN-001,0.18,high
DOC_0523,en,application,A03,AS-A03-EN-001,0.2387,high
DOC_0535,en,application,A03,AS-A03-EN-001,0.1978,high
DOC_0608,en,application,A03,AS-A03-EN-001,0.1729,high
DOC_0609,en,application,A03,AS-A03-EN-001,0.2041,high
DOC_0614,en,application,A03,AS-A03-EN-001,0.2115,high
DOC_0619,en,application,A03,AS-A03-EN-001,0.1618,high
DOC_0644,en,application,A03,AS-A03-EN-001,0.2114,high
DOC_0705,en,application,A03,AS-A03-EN-001,0.2332,high
DOC_0761,en,application,A03,AS-A03-EN-001,0.1918,high
DOC_0772,en,application,A03,AS-A03-EN-001,0.1624,high
DOC_0773,en,application,A03,AS-A03-EN-001,0.1565,high
DOC_0798,en,application,A03,AS-A03-EN-001,0.2039,high
DOC_0838,en,application,A03,AS-A03-EN-001,0.2371,high
DOC_0899,en,application,A03,AS-A03-EN-001,0.2112,high
DOC_0903,en,application,A03,AS-A03-EN-001,0.249,high
DOC_0944,en,application,A03,AS-A03-EN-001,0.2252,high
DOC_0045,en,application,A03,AS-A03-EN-002,0.3202,high
DOC_0253,en,application,A03,AS-A03-EN-002,0.3423,high
DOC_0296,en,application,A03,AS-A03-EN-002,0.3639,high
DOC_0551,en,application,A03,AS-A03-EN-002,0.3435,high
DOC_0625,en,application,A03,AS-A03-EN-002,0.3243,high
DOC_0636,en,application,A03,AS-A03-EN-002,0.3484,high
DOC_0658,en,application,A03,AS-A03-EN-002,0.341,high
DOC_0687,en,application,A03,AS-A03-EN-002,0.3433,high
DOC_0760,en,application,A03,AS-A03-EN-002,0.3298,high
DOC_0799,en,application,A03,AS-A03-EN-002,0.3394,high
DOC_0081,en,application,A04,AS-A04-EN-001,0.2818,high
DOC_0200,en,application,A04,AS-A04-EN-001,0.2659,high
DOC_0236,en,application,A04,AS-A04-EN-001,0.2857,high
DOC_0361,en,application,A04,AS-A04-EN-001,0.2658,high
DOC_0481,en,application,A04,AS-A04-EN-001,0.3002,high
DOC_0601,en,application,A04,AS-A04-EN-001,0.3181,high
DOC_0624,en,application,A04,AS-A04-EN-001,0.2949,high
DOC_0689,en,application,A04,AS-A04-EN-001,0.2698,high
DOC_0693,en,application,A04,AS-A04-EN-001,0.3072,high
DOC_0756,en,application,A04,AS-A04-EN-001,0.3462,high
DOC_0778,en,application,A04,AS-A04-EN-001,0.2967,high
DOC_0787,en,application,A04,AS-A04-EN-001,0.3307,high
DOC_0857,en,application,A04,AS-A04-EN-001,0.3197,high
DOC_0917,en,application,A04,AS-A04-EN-001,0.3281,high
DOC_0065,en,application,A04,AS-A04-EN-002,0.5503,high
DOC_0091,en,application,A04,AS-A04-EN-002,0.5496,high
DOC_0401,en,application,A04,AS-A04-EN-002,0.5235,high
DOC_0975,en,application,A04,AS-A04-EN-002,0.5133,high
DOC_0388,en,application,A04,AS-A04-EN-003,0.604,high
DOC_0742,en,application,A04,AS-A04-EN-003,0.6272,high
DOC_0781,en,application,A04,AS-A04-EN-003,0.6,high
DOC_0113,en,application,A05,AS-A05-EN-001,0.4504,high
DOC_0153,en,application,A05,AS-A05-EN-001,0.3764,high
DOC_0173,en,application,A05,AS-A05-EN-001,0.3842,high
DOC_0544,en,application,A05,AS-A05-EN-001,0.4041,high
DOC_0758,en,application,A05,AS-A05-EN-001,0.462,high
DOC_0852,en,application,A05,AS-A05-EN-001,0.3863,high
DOC_0922,en,application,A05,AS-A05-EN-001,0.4322,high
DOC_0011,en,application,A05,AS-A05-EN-002,0.4235,high
DOC_0150,en,application,A05,AS-A05-EN-002,0.4689,high
DOC_0261,en,application,A05,AS-A05-EN-002,0.4536,high
DOC_0357,en,application,A05,AS-A05-EN-002,0.4814,high
DOC_0529,en,application,A05,AS-A05-EN-002,0.487,high
DOC_0784,en,application,A05,AS-A05-EN-002,0.4655,high
DOC_0034,en,application,A05,AS-A05-EN-003,0.4207,high
DOC_0202,en,application,A05,AS-A05-EN-003,0.4911,high
DOC_0240,en,application,A05,AS-A05-EN-003,0.4416,high
DOC_0557,en,application,A05,AS-A05-EN-003,0.4055,high
DOC_0633,en,application,A05,AS-A05-EN-003,0.4347,high
DOC_0797,en,application,A05,AS-A05-EN-003,0.4799,high
DOC_0010,en,application,A06,AS-A06-EN-001,0.302,high
DOC_0189,en,application,A06,AS-A06-EN-001,0.3193,high
DOC_0231,en,application,A06,AS-A06-EN-001,0.277,high
DOC_0306,en,application,A06,AS-A06-EN-001,0.2879,high
DOC_0387,en,application,A06,AS-A06-EN-001,0.2786,high
DOC_0417,en,application,A06,AS-A06-EN-001,0.3164,high
DOC_0420,en,application,A06,AS-A06-EN-001,0.2777,high
DOC_0444,en,application,A06,AS-A06-EN-001,0.3211,high
DOC_0484,en,application,A06,AS-A06-EN-001,0.2992,high
DOC_0520,en,application,A06,AS-A06-EN-001,0.3529,high
DOC_0554,en,application,A06,AS-A06-EN-001,0.3382,high
DOC_0620,en,application,A06,AS-A06-EN-001,0.2705,high
DOC_0969,en,application,A06,AS-A06-EN-001,0.3378,high
DOC_0989,en,application,A06,AS-A06-EN-001,0.275,high
DOC_0025,en,application,A06,AS-A06-EN-002,0.3389,high
DOC_0220,en,application,A06,AS-A06-EN-002,0.3405,high
DOC_0265,en,application,A06,AS-A06-EN-002,0.3374,high
DOC_0362,en,application,A06,AS-A06-EN-002,0.3374,high
DOC_0385,en,application,A06,AS-A06-EN-002,0.3299,high
DOC_0396,en,application,A06,AS-A06-EN-002,0.347,high
DOC_0506,en,application,A06,AS-A06-EN-002,0.3357,high
DOC_0779,en,application,A06,AS-A06-EN-002,0.3242,high
DOC_0791,en,application,A06,AS-A06-EN-002,0.3413,high
DOC_0933,en,application,A06,AS-A06-EN-002,0.3471,high
DOC_0002,en,application,A06,AS-A06-EN-003,0.645,high
DOC_0680,en,application,A06,AS-A06-EN-003,0.6329,high
DOC_0695,en,application,A06,AS-A06-EN-003,0.6043,high
DOC_0118,en,application,A07,AS-A07-EN-001,0.3455,high
DOC_0195,en,application,A07,AS-A07-EN-001,0.2979,high
DOC_0293,en,application,A07,AS-A07-EN-001,0.3063,high
DOC_0332,en,application,A07,AS-A07-EN-001,0.3263,high
DOC_0335,en,application,A07,AS-A07-EN-001,0.2005,high
DOC_0352,en,application,A07,AS-A07-EN-001,0.3276,high
DOC_0363,en,application,A07,AS-A07-EN-001,0.3159,high
DOC_0408,en,application,A07,AS-A07-EN-001,0.3069,high
DOC_0431,en,application,A07,AS-A07-EN-001,0.2868,high
DOC_0472,en,application,A07,AS-A07-EN-001,0.3145,high
DOC_0479,en,application,A07,AS-A07-EN-001,0.2025,high
DOC_0495,en,application,A07,AS-A07-EN-001,0.3666,high
DOC_0537,en,application,A07,AS-A07-EN-001,0.3216,high
DOC_0606,en,application,A07,AS-A07-EN-001,0.3361,high
DOC_0810,en,application,A07,AS-A07-EN-001,0.2523,high
DOC_0880,en,application,A07,AS-A07-EN-001,0.2437,high
DOC_0938,en,application,A07,AS-A07-EN-001,0.2539,high
DOC_0945,en,application,A07,AS-A07-EN-001,0.1936,high
DOC_0960,en,application,A07,AS-A07-EN-001,0.3262,high
DOC_0211,en,application,A07,AS-A07-EN-002,0.368,high
DOC_0256,en,application,A07,AS-A07-EN-002,0.3364,high
DOC_0310,en,application,A07,AS-A07-EN-002,0.3466,high
DOC_0365,en,application,A07,AS-A07-EN-002,0.3694,high
DOC_0519,en,application,A07,AS-A07-EN-002,0.3363,high
DOC_0560,en,application,A07,AS-A07-EN-002,0.3407,high
DOC_0708,en,application,A07,AS-A07-EN-002,0.3388,high
DOC_0802,en,application,A07,AS-A07-EN-002,0.3464,high
DOC_0896,en,application,A07,AS-A07-EN-002,0.3644,high
DOC_0031,en,application,A08,AS-A08-EN-001,0.2757,high
DOC_0059,en,application,A08,AS-A08-EN-001,0.2755,high
DOC_0133,en,application,A08,AS-A08-EN-001,0.2817,high
DOC_0181,en,application,A08,AS-A08-EN-001,0.2688,high
DOC_0205,en,application,A08,AS-A08-EN-001,0.304,high
DOC_0407,en,application,A08,AS-A08-EN-001,0.2671,high
DOC_0493,en,application,A08,AS-A08-EN-001,0.2903,high
DOC_0504,en,application,A08,AS-A08-EN-001,0.3063,high
DOC_0652,en,application,A08,AS-A08-EN-001,0.2911,high
DOC_0707,en,application,A08,AS-A08-EN-001,0.3005,high
DOC_0891,en,application,A08,AS-A08-EN-001,0.2943,high
DOC_0894,en,application,A08,AS-A08-EN-001,0.319,high
DOC_0910,en,application,A08,AS-A08-EN-001,0.2939,high
DOC_0994,en,application,A08,AS-A08-EN-001,0.2701,high
DOC_0044,en,application,A08,AS-A08-EN-002,0.3672,high
DOC_0187,en,application,A08,AS-A08-EN-002,0.3642,high
DOC_0217,en,application,A08,AS-A08-EN-002,0.5188,high
DOC_0297,en,application,A08,AS-A08-EN-002,0.5217,high
DOC_0326,en,application,A08,AS-A08-EN-002,0.3684,high
DOC_0421,en,application,A08,AS-A08-EN-002,0.3768,high
DOC_0623,en,application,A08,AS-A08-EN-002,0.4561,high
DOC_0142,en,application,A09,AS-A09-EN-001,0.3897,high
DOC_0146,en,application,A09,AS-A09-EN-001,0.3996,high
DOC_0329,en,application,A09,AS-A09-EN-001,0.3984,high
DOC_0618,en,application,A09,AS-A09-EN-001,0.3835,high
DOC_0709,en,application,A09,AS-A09-EN-001,0.3991,high
DOC_0828,en,application,A09,AS-A09-EN-001,0.3851,high
DOC_0848,en,application,A09,AS-A09-EN-001,0.3972,high
DOC_0174,en,application,A10,AS-A10-EN-001,0.4397,high
DOC_0270,en,application,A10,AS-A10-EN-001,0.4859,high
DOC_0456,en,application,A10,AS-A10-EN-001,0.4939,high
DOC_0545,en,application,A10,AS-A10-EN-001,0.4776,high
DOC_0763,en,application,A10,AS-A10-EN-001,0.4863,high
DOC_0003,en,application,A11,AS-A11-EN-001,0.3496,high
DOC_0029,en,application,A11,AS-A11-EN-001,0.358,high
DOC_0264,en,application,A11,AS-A11-EN-001,0.3725,high
DOC_0542,en,application,A11,AS-A11-EN-001,0.3585,high
DOC_0578,en,application,A11,AS-A11-EN-001,0.3674,high
DOC_0665,en,application,A11,AS-A11-EN-001,0.3704,high
DOC_0674,en,application,A11,AS-A11-EN-001,0.3978,high
DOC_0801,en,application,A11,AS-A11-EN-001,0.3835,high
DOC_0147,en,application,A12,AS-A12-EN-001,0.2487,high
DOC_0483,en,application,A12,AS-A12-EN-001,0.3187,high
DOC_0635,en,application,A12,AS-A12-EN-001,0.2456,high
DOC_0669,en,application,A12,AS-A12-EN-001,0.3167,high
DOC_0675,en,application,A12,AS-A12-EN-001,0.2605,high
DOC_0739,en,application,A12,AS-A12-EN-001,0.2954,high
DOC_0769,en,application,A12,AS-A12-EN-001,0.2433,high
DOC_0821,en,application,A12,AS-A12-EN-001,0.2509,high
DOC_0824,en,application,A12,AS-A12-EN-001,0.2666,high
DOC_0835,en,application,A12,AS-A12-EN-001,0.2843,high
DOC_0846,en,application,A12,AS-A12-EN-001,0.3234,high
DOC_0858,en,application,A12,AS-A12-EN-001,0.3152,high
DOC_0862,en,application,A12,AS-A12-EN-001,0.2498,high
DOC_0868,en,application,A12,AS-A12-EN-001,0.3012,high
DOC_0920,en,application,A12,AS-A12-EN-001,0.3,high
DOC_0977,en,application,A12,AS-A12-EN-001,0.2449,high
DOC_0049,en,application,A12,AS-A12-EN-002,0.4682,high
DOC_0416,en,application,A12,AS-A12-EN-002,0.4445,high
DOC_0593,en,application,A12,AS-A12-EN-002,0.5169,high
DOC_0749,en,application,A12,AS-A12-EN-002,0.5162,high
DOC_0912,en,application,A12,AS-A12-EN-002,0.4568,high
DOC_0179,en,application,A13,AS-A13-EN-001,0.4035,high
DOC_0180,en,application,A13,AS-A13-EN-001,0.3564,high
DOC_0192,en,application,A13,AS-A13-EN-001,0.4008,high
DOC_0311,en,application,A13,AS-A13-EN-001,0.3559,high
DOC_0356,en,application,A13,AS-A13-EN-001,0.3682,high
DOC_0379,en,application,A13,AS-A13-EN-001,0.3342,high
DOC_0449,en,application,A13,AS-A13-EN-001,0.3676,high
DOC_0528,en,application,A13,AS-A13-EN-001,0.3315,high
DOC_0966,en,application,A13,AS-A13-EN-001,0.41,high
DOC_0090,en,application,A13,AS-A13-EN-002,0.4964,high
DOC_0134,en,application,A13,AS-A13-EN-002,0.5086,high
DOC_0155,en,application,A13,AS-A13-EN-002,0.5397,high
DOC_0233,en,application,A13,AS-A13-EN-002,0.4935,high
DOC_0762,en,application,A13,AS-A13-EN-002,0.473,high
DOC_0132,en,application,A14,AS-A14-EN-001,0.379,high
DOC_0290,en,application,A14,AS-A14-EN-001,0.4038,high
DOC_0426,en,application,A14,AS-A14-EN-001,0.3145,high
DOC_0487,en,application,A14,AS-A14-EN-001,0.2949,high
DOC_0602,en,application,A14,AS-A14-EN-001,0.3589,high
DOC_0622,en,application,A14,AS-A14-EN-001,0.3598,high
DOC_0667,en,application,A14,AS-A14-EN-001,0.3765,high
DOC_0704,en,application,A14,AS-A14-EN-001,0.3371,high
DOC_0843,en,application,A14,AS-A14-EN-001,0.3845,high
DOC_0958,en,application,A14,AS-A14-EN-001,0.3049,high
DOC_0985,en,application,A14,AS-A14-EN-001,0.3343,high
DOC_0066,en,application,A14,AS-A14-EN-002,0.5466,high
DOC_0131,en,application,A14,AS-A14-EN-002,0.5342,high
DOC_0367,en,application,A14,AS-A14-EN-002,0.4968,high
DOC_0765,en,application,A14,AS-A14-EN-002,0.5559,high
DOC_0043,en,application,A15,AS-A15-EN-001,0.2585,high
DOC_0055,en,application,A15,AS-A15-EN-001,0.2567,high
DOC_0198,en,application,A15,AS-A15-EN-001,0.2791,high
DOC_0209,en,application,A15,AS-A15-EN-001,0.274,high
DOC_0219,en,application,A15,AS-A15-EN-001,0.2607,high
DOC_0328,en,application,A15,AS-A15-EN-001,0.2651,high
DOC_0345,en,application,A15,AS-A15-EN-001,0.2894,high
DOC_0384,en,application,A15,AS-A15-EN-001,0.2615,high
DOC_0389,en,application,A15,AS-A15-EN-001,0.2547,high
DOC_0399,en,application,A15,AS-A15-EN-001,0.3092,high
DOC_0550,en,application,A15,AS-A15-EN-001,0.2966,high
DOC_0566,en,application,A15,AS-A15-EN-001,0.3297,high
DOC_0884,en,application,A15,AS-A15-EN-001,0.2684,high
DOC_0914,en,application,A15,AS-A15-EN-001,0.2501,high
DOC_0939,en,application,A15,AS-A15-EN-001,0.2783,high
DOC_0954,en,application,A15,AS-A15-EN-001,0.2832,high
DOC_0980,en,application,A15,AS-A15-EN-001,0.3087,high
DOC_0080,en,application,A15,AS-A15-EN-002,0.3619,high
DOC_0140,en,application,A15,AS-A15-EN-002,0.3652,high
DOC_0327,en,application,A15,AS-A15-EN-002,0.3581,high
DOC_0403,en,application,A15,AS-A15-EN-002,0.3383,high
DOC_0430,en,application,A15,AS-A15-EN-002,0.3443,high
DOC_0489,en,application,A15,AS-A15-EN-002,0.39,high
DOC_0630,en,application,A15,AS-A15-EN-002,0.3559,high
DOC_0733,en,application,A15,AS-A15-EN-002,0.3644,high
DOC_0923,en,application,A15,AS-A15-EN-002,0.3569,high
DOC_0145,en,application,A15,AS-A15-EN-003,0.3692,high
DOC_0234,en,application,A15,AS-A15-EN-003,0.3868,high
DOC_0392,en,application,A15,AS-A15-EN-003,0.3916,high
DOC_0522,en,application,A15,AS-A15-EN-003,0.44,high
DOC_0592,en,application,A15,AS-A15-EN-003,0.3917,high
DOC_0627,en,application,A15,AS-A15-EN-003,0.393,high
DOC_0925,en,application,A15,AS-A15-EN-003,0.4237,high
DOC_0110,en,application,A16,AS-A16-EN-001,0.3792,high
DOC_0337,en,application,A16,AS-A16-EN-001,0.3887,high
DOC_0346,en,application,A16,AS-A16-EN-001,0.371,high
DOC_0355,en,application,A16,AS-A16-EN-001,0.3591,high
DOC_0374,en,application,A16,AS-A16-EN-001,0.3659,high
DOC_0424,en,application,A16,AS-A16-EN-001,0.4187,high
DOC_0457,en,application,A16,AS-A16-EN-001,0.3245,high
DOC_0580,en,application,A16,AS-A16-EN-001,0.3675,high
DOC_0804,en,application,A16,AS-A16-EN-001,0.3591,high
DOC_0204,en,application,A16,AS-A16-EN-002,0.4157,high
DOC_0272,en,application,A16,AS-A16-EN-002,0.4071,high
DOC_0282,en,application,A16,AS-A16-EN-002,0.3782,high
DOC_0577,en,application,A16,AS-A16-EN-002,0.4155,high
DOC_0659,en,application,A16,AS-A16-EN-002,0.4047,high
DOC_0823,en,application,A16,AS-A16-EN-002,0.4051,high
DOC_0964,en,application,A16,AS-A16-EN-002,0.3883,high
DOC_0196,en,application,A16,AS-A16-EN-003,0.5955,high
DOC_0813,en,application,A16,AS-A16-EN-003,0.6059,high
DOC_0842,en,application,A16,AS-A16-EN-003,0.5779,high
DOC_0015,en,application,A17,AS-A17-EN-001,0.3053,high
DOC_0149,en,application,A17,AS-A17-EN-001,0.3516,high
DOC_0152,en,application,A17,AS-A17-EN-001,0.3277,high
DOC_0183,en,application,A17,AS-A17-EN-001,0.3219,high
DOC_0285,en,application,A17,AS-A17-EN-001,0.3342,high
DOC_0428,en,application,A17,AS-A17-EN-001,0.3244,high
DOC_0450,en,application,A17,AS-A17-EN-001,0.3311,high
DOC_0500,en,application,A17,AS-A17-EN-001,0.3169,high
DOC_0757,en,application,A17,AS-A17-EN-001,0.3078,high
DOC_0764,en,application,A17,AS-A17-EN-001,0.324,high
DOC_0875,en,application,A17,AS-A17-EN-001,0.3203,high
DOC_0006,en,application,A17,AS-A17-EN-002,0.3456,high
DOC_0092,en,application,A17,AS-A17-EN-002,0.3521,high
DOC_0197,en,application,A17,AS-A17-EN-002,0.3378,high
DOC_0509,en,application,A17,AS-A17-EN-002,0.32,high
DOC_0540,en,application,A17,AS-A17-EN-002,0.3136,high
DOC_0596,en,application,A17,AS-A17-EN-002,0.3249,high
DOC_0745,en,application,A17,AS-A17-EN-002,0.3672,high
DOC_0782,en,application,A17,AS-A17-EN-002,0.4056,high
DOC_0888,en,application,A17,AS-A17-EN-002,0.3678,high
DOC_0897,en,application,A17,AS-A17-EN-002,0.35,high
DOC_0014,en,application,A17,AS-A17-EN-003,0.5439,high
DOC_0686,en,application,A17,AS-A17-EN-003,0.5182,high
DOC_0713,en,application,A17,AS-A17-EN-003,0.5716,high
DOC_0887,en,application,A17,AS-A17-EN-003,0.5841,high
DOC_0021,en,application,A18,AS-A18-EN-001,0.5021,high
DOC_0030,en,application,A18,AS-A18-EN-001,0.5188,high
DOC_0033,en,application,A18,AS-A18-EN-001,0.5251,high
DOC_0656,en,application,A18,AS-A18-EN-001,0.5114,high
DOC_0071,en,application,A19,AS-A19-EN-001,0.4266,high
DOC_0122,en,application,A19,AS-A19-EN-001,0.4139,high
DOC_0172,en,application,A19,AS-A19-EN-001,0.4119,high
DOC_0822,en,application,A19,AS-A19-EN-001,0.4217,high
DOC_0836,en,application,A19,AS-A19-EN-001,0.417,high
DOC_0988,en,application,A19,AS-A19-EN-001,0.4193,high
DOC_0441,en,application,A20,AS-A20-EN-001,0.5155,high
DOC_0474,en,application,A20,AS-A20-EN-001,0.5244,high
DOC_0508,en,application,A20,AS-A20-EN-001,0.5272,high
DOC_0928,en,application,A20,AS-A20-EN-001,0.5037,high
DOC_0084,en,application,A21,AS-A21-EN-001,0.4459,high
DOC_0341,en,application,A21,AS-A21-EN-001,0.4214,high
DOC_0349,en,application,A21,AS-A21-EN-001,0.4402,high
DOC_0381,en,application,A21,AS-A21-EN-001,0.4533,high
DOC_0411,en,application,A21,AS-A21-EN-001,0.4002,high
DOC_0415,en,application,A21,AS-A21-EN-001,0.4319,high
DOC_0360,en,application,A21,AS-A21-EN-002,0.5018,high
DOC_0533,en,application,A21,AS-A21-EN-002,0.5255,high
DOC_0699,en,application,A21,AS-A21-EN-002,0.5491,high
DOC_0759,en,application,A21,AS-A21-EN-002,0.5271,high
DOC_0051,en,application,A22,AS-A22-EN-001,0.2354,high
DOC_0154,en,application,A22,AS-A22-EN-001,0.2422,high
DOC_0191,en,application,A22,AS-A22-EN-001,0.2827,high
DOC_0223,en,application,A22,AS-A22-EN-001,0.2451,high
DOC_0239,en,application,A22,AS-A22-EN-001,0.2542,high
DOC_0371,en,application,A22,AS-A22-EN-001,0.2577,high
DOC_0386,en,application,A22,AS-A22-EN-001,0.2518,high
DOC_0469,en,application,A22,AS-A22-EN-001,0.2299,high
DOC_0476,en,application,A22,AS-A22-EN-001,0.248,high
DOC_0505,en,application,A22,AS-A22-EN-001,0.284,high
DOC_0543,en,application,A22,AS-A22-EN-001,0.2233,high
DOC_0565,en,application,A22,AS-A22-EN-001,0.2191,high
DOC_0571,en,application,A22,AS-A22-EN-001,0.2583,high
DOC_0682,en,application,A22,AS-A22-EN-001,0.2423,high
DOC_0817,en,application,A22,AS-A22-EN-001,0.2649,high
DOC_0900,en,application,A22,AS-A22-EN-001,0.2213,high
DOC_0909,en,application,A22,AS-A22-EN-001,0.2679,high
DOC_0934,en,application,A22,AS-A22-EN-001,0.2466,high
DOC_0937,en,application,A22,AS-A22-EN-001,0.2273,high
DOC_0984,en,application,A22,AS-A22-EN-001,0.2671,high
DOC_0053,en,application,A22,AS-A22-EN-002,0.3321,high
DOC_0058,en,application,A22,AS-A22-EN-002,0.2784,high
DOC_0157,en,application,A22,AS-A22-EN-002,0.303,high
DOC_0193,en,application,A22,AS-A22-EN-002,0.3233,high
DOC_0394,en,application,A22,AS-A22-EN-002,0.3213,high
DOC_0524,en,application,A22,AS-A22-EN-002,0.2707,high
DOC_0569,en,application,A22,AS-A22-EN-002,0.2948,high
DOC_0591,en,application,A22,AS-A22-EN-002,0.3067,high
DOC_0717,en,application,A22,AS-A22-EN-002,0.2891,high
DOC_0744,en,application,A22,AS-A22-EN-002,0.2547,high
DOC_0794,en,application,A22,AS-A22-EN-002,0.2531,high
DOC_0806,en,application,A22,AS-A22-EN-002,0.2642,high
DOC_0876,en,application,A22,AS-A22-EN-002,0.289,high
DOC_0882,en,application,A22,AS-A22-EN-002,0.2792,high
DOC_0924,en,application,A22,AS-A22-EN-002,0.254,high
DOC_0072,en,application,A22,AS-A22-EN-003,0.3067,high
DOC_0199,en,application,A22,AS-A22-EN-003,0.333,high
DOC_0250,en,application,A22,AS-A22-EN-003,0.3139,high
DOC_0390,en,application,A22,AS-A22-EN-003,0.3159,high
DOC_0455,en,application,A22,AS-A22-EN-003,0.3263,high
DOC_0499,en,application,A22,AS-A22-EN-003,0.3219,high
DOC_0502,en,application,A22,AS-A22-EN-003,0.3237,high
DOC_0655,en,application,A22,AS-A22-EN-003,0.3054,high
DOC_0661,en,application,A22,AS-A22-EN-003,0.3158,high
DOC_0820,en,application,A22,AS-A22-EN-003,0.3262,high
DOC_0841,en,application,A22,AS-A22-EN-003,0.2976,high
DOC_0391,en,application,A23,AS-A23-EN-001,0.3465,high
DOC_0590,en,application,A23,AS-A23-EN-001,0.4108,high
DOC_0657,en,application,A23,AS-A23-EN-001,0.3755,high
DOC_0698,en,application,A23,AS-A23-EN-001,0.4225,high
DOC_0845,en,application,A23,AS-A23-EN-001,0.413,high
DOC_0867,en,application,A23,AS-A23-EN-001,0.3993,high
DOC_0878,en,application,A23,AS-A23-EN-001,0.3491,high
DOC_0947,en,application,A23,AS-A23-EN-001,0.4077,high
DOC_0216,en,application,A23,AS-A23-EN-002,0.402,high
DOC_0317,en,application,A23,AS-A23-EN-002,0.3925,high
DOC_0333,en,application,A23,AS-A23-EN-002,0.4087,high
DOC_0398,en,application,A23,AS-A23-EN-002,0.4169,high
DOC_0599,en,application,A23,AS-A23-EN-002,0.3899,high
DOC_0706,en,application,A23,AS-A23-EN-002,0.3794,high
DOC_0902,en,application,A23,AS-A23-EN-002,0.3779,high
DOC_0042,en,application,A24,AS-A24-EN-001,0.4035,high
DOC_0175,en,application,A24,AS-A24-EN-001,0.3856,high
DOC_0184,en,application,A24,AS-A24-EN-001,0.4009,high
DOC_0258,en,application,A24,AS-A24-EN-001,0.3867,high
DOC_0259,en,application,A24,AS-A24-EN-001,0.3951,high
DOC_0393,en,application,A24,AS-A24-EN-001,0.3998,high
DOC_0490,en,application,A24,AS-A24-EN-001,0.4198,high
DOC_0959,en,application,A24,AS-A24-EN-001,0.3643,high
DOC_0041,en,application,A25,AS-A25-EN-001,0.4163,high
DOC_0304,en,application,A25,AS-A25-EN-001,0.4549,high
DOC_0473,en,application,A25,AS-A25-EN-001,0.4358,high
DOC_0600,en,application,A25,AS-A25-EN-001,0.4206,high
DOC_0792,en,application,A25,AS-A25-EN-001,0.4248,high
DOC_0832,en,application,A25,AS-A25-EN-001,0.4218,high
DOC_0720,en,application,A26,AS-A26-EN-001,0.7219,high
DOC_0727,en,application,A26,AS-A26-EN-001,0.7219,high
DOC_0303,en,application,A27,AS-A27-EN-001,0.4029,high
DOC_0445,en,application,A27,AS-A27-EN-001,0.4492,high
DOC_0694,en,application,A27,AS-A27-EN-001,0.4456,high
DOC_0748,en,application,A27,AS-A27-EN-001,0.4413,high
DOC_0768,en,application,A27,AS-A27-EN-001,0.4169,high
DOC_0771,en,application,A27,AS-A27-EN-001,0.4289,high
DOC_0257,en,application,A28,AS-A28-EN-001,0.5763,high
DOC_0305,en,application,A28,AS-A28-EN-001,0.5864,high
DOC_0723,en,application,A28,AS-A28-EN-001,0.5861,high
DOC_0212,en,application,A29,AS-A29-EN-001,0.5848,high
DOC_0572,en,application,A29,AS-A29-EN-001,0.5839,high
DOC_0915,en,application,A29,AS-A29-EN-001,0.5803,high
ZH_0018,zh,application,A31,AS-A31-ZH-001,0.6888,high
ZH_0699,zh,application,A31,AS-A31-ZH-001,0.7038,high
ZH_0851,zh,application,A31,AS-A31-ZH-001,0.6152,high
ZH_0019,zh,application,A31,AS-A31-ZH-002,0.4637,high
ZH_0031,zh,application,A31,AS-A31-ZH-002,0.4939,high
ZH_0088,zh,application,A31,AS-A31-ZH-002,0.443,medium
ZH_0108,zh,application,A31,AS-A31-ZH-002,0.4184,high
ZH_0358,zh,application,A31,AS-A31-ZH-002,0.3884,high
ZH_0406,zh,application,A31,AS-A31-ZH-002,0.4796,high
ZH_0694,zh,application,A31,AS-A31-ZH-002,0.4415,high
ZH_0017,zh,application,A31,AS-A31-ZH-003,0.4649,medium
ZH_0027,zh,application,A31,AS-A31-ZH-003,0.4849,high
ZH_0065,zh,application,A31,AS-A31-ZH-003,0.5013,high
ZH_0070,zh,application,A31,AS-A31-ZH-003,0.4859,medium
ZH_0484,zh,application,A31,AS-A31-ZH-003,0.4886,high
ZH_0008,zh,application,A31,AS-A31-ZH-004,0.4868,high
ZH_0034,zh,application,A31,AS-A31-ZH-004,0.4999,high
ZH_0096,zh,application,A31,AS-A31-ZH-004,0.5037,high
ZH_0244,zh,application,A31,AS-A31-ZH-004,0.481,high
ZH_0267,zh,application,A31,AS-A31-ZH-004,0.447,high
ZH_0315,zh,application,A31,AS-A31-ZH-004,0.3948,high
ZH_0014,zh,application,A31,AS-A31-ZH-900,0.2434,high
ZH_0036,zh,application,A31,AS-A31-ZH-900,0.2549,high
